"[1.0,3.0,11.0,110.0,62.0,22.0,4.0,0.0,43.0,21.0,22.0,18.0,6.0,28.0,64.0,9.0,11.0,1.0,0.0,0.0,1.0,40.0,101.0,21.0,20.0,2.0,4.0,2.0,2.0,9.0,18.0,35.0,1.0,1.0,7.0,25.0,108.0,116.0,63.0,2.0,0.0,0.0,11.0,74.0,40.0,101.0,116.0,3.0,33.0,1.0,1.0,11.0,14.0,18.0,116.0,116.0,68.0,12.0,5.0,4.0,2.0,2.0,9.0,102.0,17.0,3.0,10.0,18.0,8.0,15.0,67.0,63.0,15.0,0.0,14.0,116.0,80.0,0.0,2.0,22.0,96.0,37.0,28.0,88.0,43.0,1.0,4.0,18.0,116.0,51.0,5.0,11.0,32.0,14.0,8.0,23.0,44.0,17.0,12.0,9.0,0.0,0.0,19.0,37.0,85.0,18.0,16.0,104.0,22.0,6.0,2.0,26.0,12.0,58.0,67.0,82.0,25.0,12.0,2.0,2.0,25.0,18.0,8.0,2.0,19.0,42.0,48.0,11.0]"
"[40.0,25.0,11.0,0.0,22.0,31.0,6.0,8.0,10.0,3.0,0.0,1.0,30.0,91.0,88.0,18.0,38.0,44.0,16.0,1.0,5.0,25.0,70.0,36.0,1.0,22.0,10.0,7.0,10.0,40.0,61.0,1.0,60.0,9.0,8.0,4.0,111.0,45.0,21.0,45.0,9.0,1.0,1.0,14.0,111.0,111.0,70.0,26.0,95.0,13.0,3.0,2.0,3.0,39.0,111.0,111.0,20.0,3.0,11.0,11.0,1.0,32.0,70.0,22.0,48.0,8.0,9.0,25.0,60.0,26.0,14.0,37.0,4.0,5.0,65.0,110.0,111.0,31.0,1.0,0.0,101.0,78.0,84.0,34.0,4.0,2.0,2.0,29.0,33.0,44.0,25.0,22.0,2.0,0.0,4.0,18.0,54.0,51.0,24.0,21.0,12.0,18.0,5.0,6.0,11.0,17.0,100.0,65.0,50.0,92.0,37.0,14.0,23.0,77.0,95.0,9.0,3.0,14.0,60.0,40.0,4.0,30.0,23.0,32.0,10.0,3.0,19.0,13.0]"
"[28.0,4.0,3.0,6.0,7.0,2.0,2.0,18.0,19.0,37.0,111.0,16.0,10.0,2.0,6.0,42.0,6.0,7.0,114.0,33.0,16.0,19.0,10.0,18.0,5.0,6.0,73.0,9.0,3.0,3.0,0.0,7.0,103.0,6.0,1.0,1.0,2.0,2.0,1.0,60.0,141.0,98.0,139.0,19.0,0.0,0.0,3.0,73.0,7.0,27.0,141.0,72.0,0.0,4.0,15.0,12.0,0.0,10.0,141.0,88.0,2.0,2.0,7.0,6.0,100.0,43.0,7.0,5.0,1.0,0.0,0.0,19.0,141.0,76.0,0.0,0.0,0.0,7.0,19.0,76.0,14.0,3.0,2.0,2.0,0.0,18.0,114.0,49.0,0.0,1.0,3.0,12.0,6.0,5.0,52.0,50.0,61.0,64.0,21.0,13.0,0.0,0.0,0.0,3.0,86.0,60.0,0.0,0.0,6.0,28.0,24.0,18.0,1.0,0.0,0.0,0.0,7.0,41.0,59.0,17.0,0.0,0.0,0.0,0.0,0.0,2.0,54.0,47.0]"
"[24.0,12.0,14.0,8.0,3.0,12.0,4.0,8.0,8.0,12.0,20.0,17.0,8.0,67.0,66.0,8.0,8.0,8.0,1.0,0.0,0.0,18.0,119.0,32.0,12.0,4.0,7.0,8.0,1.0,18.0,70.0,20.0,18.0,35.0,23.0,25.0,103.0,34.0,4.0,5.0,1.0,1.0,4.0,29.0,119.0,119.0,77.0,6.0,72.0,7.0,5.0,2.0,0.0,14.0,119.0,60.0,119.0,12.0,8.0,3.0,0.0,1.0,18.0,38.0,7.0,6.0,8.0,27.0,84.0,53.0,22.0,6.0,0.0,6.0,60.0,119.0,104.0,11.0,0.0,0.0,42.0,104.0,119.0,25.0,0.0,0.0,0.0,7.0,119.0,98.0,23.0,0.0,5.0,20.0,6.0,11.0,6.0,7.0,14.0,7.0,6.0,6.0,12.0,25.0,4.0,7.0,68.0,91.0,2.0,0.0,1.0,8.0,3.0,87.0,97.0,17.0,4.0,30.0,8.0,0.0,1.0,39.0,15.0,0.0,14.0,103.0,16.0,0.0]"
"[0.0,4.0,47.0,20.0,9.0,2.0,1.0,0.0,41.0,42.0,80.0,2.0,0.0,0.0,2.0,1.0,56.0,42.0,27.0,31.0,10.0,0.0,0.0,0.0,5.0,0.0,3.0,40.0,17.0,0.0,2.0,12.0,8.0,22.0,112.0,21.0,2.0,4.0,39.0,39.0,52.0,126.0,128.0,35.0,0.0,0.0,3.0,46.0,15.0,25.0,127.0,128.0,11.0,0.0,0.0,1.0,1.0,0.0,11.0,123.0,51.0,2.0,2.0,4.0,49.0,4.0,0.0,0.0,37.0,27.0,38.0,59.0,128.0,25.0,6.0,10.0,1.0,7.0,7.0,128.0,24.0,1.0,7.0,92.0,69.0,106.0,9.0,23.0,0.0,0.0,7.0,84.0,37.0,54.0,42.0,4.0,65.0,18.0,4.0,5.0,18.0,10.0,0.0,2.0,128.0,29.0,0.0,0.0,6.0,25.0,10.0,28.0,8.0,0.0,0.0,0.0,47.0,128.0,21.0,6.0,0.0,0.0,0.0,0.0,8.0,69.0,45.0,2.0]"
"[16.0,52.0,32.0,13.0,2.0,6.0,34.0,49.0,45.0,83.0,6.0,2.0,26.0,57.0,14.0,46.0,19.0,9.0,4.0,13.0,53.0,104.0,33.0,11.0,25.0,19.0,30.0,10.0,7.0,2.0,8.0,7.0,25.0,1.0,2.0,25.0,24.0,28.0,61.0,83.0,41.0,9.0,14.0,3.0,7.0,114.0,114.0,114.0,114.0,5.0,5.0,1.0,5.0,114.0,73.0,75.0,106.0,3.0,5.0,6.0,6.0,8.0,15.0,45.0,2.0,15.0,7.0,114.0,103.0,6.0,5.0,4.0,9.0,67.0,47.0,22.0,32.0,27.0,41.0,10.0,114.0,36.0,43.0,42.0,23.0,9.0,7.0,30.0,114.0,19.0,7.0,5.0,6.0,6.0,21.0,48.0,2.0,1.0,0.0,8.0,114.0,13.0,0.0,1.0,53.0,83.0,14.0,8.0,16.0,12.0,16.0,20.0,27.0,87.0,45.0,50.0,15.0,5.0,5.0,6.0,32.0,49.0,21.0,7.0,5.0,0.0,5.0,8.0]"
"[21.0,17.0,52.0,17.0,17.0,10.0,10.0,8.0,25.0,12.0,16.0,15.0,32.0,77.0,120.0,38.0,43.0,5.0,21.0,36.0,40.0,17.0,34.0,78.0,23.0,4.0,1.0,12.0,30.0,16.0,20.0,41.0,1.0,0.0,3.0,4.0,57.0,79.0,108.0,14.0,36.0,0.0,0.0,12.0,120.0,120.0,84.0,40.0,120.0,6.0,0.0,32.0,22.0,8.0,44.0,120.0,46.0,27.0,2.0,31.0,22.0,4.0,23.0,21.0,12.0,8.0,13.0,11.0,28.0,40.0,30.0,3.0,34.0,33.0,68.0,120.0,32.0,16.0,4.0,2.0,120.0,104.0,17.0,19.0,0.0,0.0,9.0,33.0,44.0,49.0,1.0,2.0,7.0,11.0,10.0,20.0,65.0,16.0,10.0,3.0,0.0,3.0,1.0,10.0,112.0,35.0,85.0,120.0,21.0,0.0,2.0,38.0,34.0,51.0,62.0,73.0,11.0,0.0,1.0,1.0,21.0,31.0,6.0,8.0,8.0,1.0,2.0,9.0]"
"[3.0,1.0,0.0,1.0,1.0,1.0,0.0,2.0,11.0,15.0,12.0,12.0,5.0,1.0,0.0,6.0,128.0,80.0,54.0,14.0,0.0,0.0,0.0,12.0,34.0,10.0,100.0,107.0,0.0,0.0,0.0,4.0,6.0,4.0,10.0,4.0,0.0,0.0,0.0,9.0,11.0,4.0,7.0,23.0,5.0,0.0,3.0,30.0,128.0,8.0,1.0,3.0,3.0,0.0,1.0,128.0,124.0,9.0,27.0,58.0,2.0,2.0,2.0,40.0,7.0,48.0,122.0,20.0,0.0,0.0,0.0,2.0,2.0,6.0,128.0,80.0,4.0,0.0,1.0,4.0,128.0,52.0,128.0,42.0,3.0,1.0,0.0,45.0,128.0,31.0,14.0,22.0,9.0,1.0,8.0,40.0,44.0,50.0,34.0,1.0,0.0,0.0,0.0,3.0,26.0,60.0,128.0,31.0,0.0,0.0,1.0,1.0,14.0,32.0,128.0,65.0,16.0,6.0,4.0,1.0,36.0,20.0,12.0,5.0,11.0,25.0,51.0,15.0]"
"[1.0,12.0,4.0,2.0,41.0,40.0,19.0,5.0,3.0,30.0,29.0,22.0,13.0,3.0,0.0,0.0,1.0,5.0,27.0,54.0,36.0,4.0,6.0,10.0,49.0,0.0,0.0,6.0,11.0,3.0,10.0,60.0,101.0,18.0,1.0,1.0,5.0,12.0,34.0,43.0,62.0,108.0,66.0,13.0,0.0,0.0,4.0,8.0,4.0,49.0,122.0,122.0,32.0,6.0,7.0,0.0,74.0,8.0,8.0,122.0,45.0,5.0,2.0,43.0,122.0,26.0,3.0,4.0,8.0,1.0,3.0,17.0,122.0,75.0,7.0,0.0,2.0,33.0,40.0,73.0,12.0,17.0,27.0,38.0,38.0,122.0,122.0,13.0,38.0,26.0,17.0,74.0,58.0,56.0,57.0,23.0,16.0,28.0,5.0,3.0,11.0,21.0,9.0,12.0,14.0,1.0,1.0,0.0,7.0,32.0,81.0,90.0,8.0,3.0,12.0,13.0,93.0,97.0,61.0,18.0,99.0,9.0,8.0,4.0,9.0,6.0,17.0,50.0]"
"[0.0,11.0,77.0,24.0,3.0,0.0,0.0,0.0,28.0,70.0,125.0,8.0,0.0,0.0,0.0,0.0,44.0,35.0,50.0,45.0,9.0,0.0,0.0,0.0,4.0,0.0,4.0,56.0,18.0,0.0,3.0,9.0,16.0,17.0,59.0,10.0,10.0,8.0,57.0,57.0,100.0,105.0,125.0,41.0,1.0,0.0,6.0,92.0,8.0,14.0,73.0,125.0,29.0,7.0,0.0,5.0,0.0,0.0,8.0,124.0,66.0,6.0,3.0,1.0,63.0,5.0,0.0,1.0,49.0,32.0,17.0,35.0,125.0,21.0,0.0,3.0,2.0,12.0,6.0,109.0,21.0,0.0,0.0,35.0,74.0,125.0,14.0,23.0,0.0,0.0,6.0,50.0,25.0,70.0,64.0,7.0,59.0,18.0,7.0,16.0,22.0,5.0,0.0,1.0,125.0,23.0,1.0,0.0,7.0,30.0,14.0,32.0,4.0,0.0,2.0,2.0,59.0,125.0,19.0,4.0,0.0,0.0,2.0,1.0,6.0,53.0,33.0,2.0]"
"[7.0,4.0,5.0,11.0,2.0,2.0,41.0,98.0,10.0,68.0,30.0,10.0,12.0,91.0,38.0,32.0,39.0,35.0,5.0,3.0,22.0,112.0,24.0,19.0,89.0,46.0,0.0,0.0,6.0,29.0,6.0,15.0,14.0,10.0,45.0,35.0,9.0,5.0,42.0,91.0,8.0,3.0,13.0,5.0,7.0,112.0,112.0,52.0,112.0,23.0,10.0,0.0,2.0,47.0,48.0,108.0,112.0,21.0,0.0,3.0,103.0,106.0,2.0,30.0,0.0,3.0,45.0,87.0,77.0,5.0,1.0,0.0,0.0,37.0,105.0,37.0,17.0,4.0,10.0,0.0,112.0,64.0,69.0,11.0,0.0,0.0,1.0,16.0,112.0,14.0,2.0,21.0,112.0,20.0,0.0,21.0,12.0,13.0,20.0,11.0,40.0,23.0,3.0,2.0,3.0,43.0,62.0,22.0,27.0,0.0,0.0,0.0,25.0,42.0,45.0,18.0,5.0,0.0,1.0,9.0,29.0,10.0,0.0,13.0,31.0,5.0,2.0,20.0]"
"[50.0,43.0,9.0,1.0,0.0,1.0,10.0,33.0,19.0,40.0,118.0,23.0,0.0,11.0,65.0,16.0,17.0,54.0,112.0,23.0,6.0,4.0,23.0,16.0,1.0,6.0,41.0,52.0,14.0,4.0,0.0,1.0,118.0,42.0,4.0,0.0,1.0,0.0,0.0,39.0,118.0,50.0,112.0,16.0,1.0,3.0,10.0,29.0,1.0,16.0,93.0,53.0,76.0,15.0,15.0,1.0,3.0,2.0,8.0,21.0,106.0,27.0,3.0,12.0,118.0,22.0,0.0,0.0,0.0,0.0,1.0,79.0,118.0,10.0,3.0,6.0,7.0,30.0,84.0,113.0,2.0,0.0,1.0,12.0,54.0,62.0,118.0,25.0,3.0,0.0,0.0,17.0,110.0,29.0,27.0,17.0,49.0,8.0,1.0,0.0,0.0,0.0,1.0,34.0,81.0,12.0,6.0,10.0,18.0,29.0,83.0,76.0,25.0,2.0,2.0,12.0,61.0,58.0,77.0,26.0,38.0,12.0,0.0,17.0,13.0,1.0,9.0,20.0]"
"[1.0,1.0,6.0,4.0,46.0,103.0,10.0,4.0,40.0,21.0,7.0,0.0,2.0,17.0,64.0,73.0,68.0,21.0,0.0,0.0,0.0,18.0,118.0,64.0,58.0,8.0,0.0,5.0,12.0,18.0,17.0,48.0,0.0,5.0,38.0,41.0,68.0,43.0,2.0,0.0,8.0,12.0,38.0,6.0,23.0,118.0,66.0,19.0,118.0,22.0,5.0,0.0,0.0,10.0,75.0,118.0,81.0,12.0,1.0,2.0,14.0,29.0,27.0,46.0,2.0,13.0,49.0,53.0,103.0,43.0,2.0,0.0,2.0,76.0,118.0,25.0,48.0,85.0,7.0,1.0,81.0,118.0,118.0,5.0,0.0,2.0,7.0,38.0,57.0,80.0,10.0,2.0,4.0,2.0,4.0,28.0,23.0,20.0,45.0,16.0,21.0,5.0,9.0,11.0,2.0,28.0,118.0,31.0,1.0,3.0,9.0,1.0,2.0,81.0,83.0,9.0,9.0,18.0,16.0,4.0,8.0,26.0,10.0,1.0,5.0,8.0,15.0,9.0]"
"[9.0,1.0,0.0,2.0,39.0,29.0,11.0,15.0,12.0,3.0,0.0,1.0,21.0,79.0,85.0,31.0,17.0,21.0,9.0,23.0,26.0,20.0,17.0,35.0,2.0,0.0,0.0,16.0,20.0,0.0,25.0,29.0,32.0,0.0,0.0,6.0,78.0,50.0,9.0,30.0,8.0,3.0,6.0,23.0,109.0,108.0,88.0,37.0,116.0,19.0,4.0,18.0,17.0,6.0,38.0,116.0,15.0,2.0,0.0,55.0,69.0,0.0,7.0,14.0,90.0,23.0,9.0,27.0,38.0,8.0,6.0,60.0,10.0,21.0,115.0,116.0,69.0,5.0,1.0,2.0,116.0,116.0,70.0,17.0,1.0,0.0,0.0,9.0,23.0,20.0,27.0,77.0,24.0,0.0,0.0,0.0,31.0,71.0,81.0,18.0,0.0,0.0,0.0,1.0,5.0,35.0,116.0,68.0,0.0,0.0,0.0,0.0,7.0,116.0,116.0,18.0,1.0,0.0,1.0,0.0,1.0,40.0,54.0,54.0,17.0,0.0,0.0,0.0]"
"[12.0,6.0,1.0,14.0,57.0,18.0,7.0,13.0,120.0,19.0,0.0,10.0,47.0,7.0,5.0,25.0,62.0,15.0,20.0,30.0,32.0,12.0,0.0,14.0,9.0,33.0,10.0,8.0,24.0,21.0,0.0,1.0,33.0,55.0,33.0,38.0,41.0,53.0,25.0,9.0,118.0,120.0,37.0,32.0,37.0,13.0,9.0,18.0,69.0,27.0,13.0,7.0,31.0,41.0,7.0,8.0,11.0,8.0,6.0,8.0,63.0,61.0,7.0,3.0,93.0,10.0,2.0,0.0,12.0,120.0,69.0,65.0,120.0,29.0,4.0,0.0,6.0,23.0,120.0,120.0,16.0,6.0,2.0,0.0,10.0,120.0,120.0,46.0,25.0,19.0,13.0,6.0,29.0,40.0,64.0,72.0,39.0,2.0,1.0,0.0,6.0,37.0,4.0,36.0,63.0,27.0,10.0,2.0,0.0,16.0,73.0,73.0,16.0,28.0,51.0,32.0,10.0,67.0,60.0,17.0,86.0,18.0,4.0,1.0,5.0,4.0,8.0,58.0]"
"[15.0,17.0,36.0,40.0,0.0,0.0,4.0,11.0,14.0,116.0,65.0,6.0,4.0,3.0,8.0,9.0,57.0,45.0,89.0,47.0,1.0,0.0,2.0,25.0,25.0,0.0,2.0,18.0,39.0,57.0,8.0,30.0,61.0,78.0,51.0,37.0,2.0,0.0,3.0,24.0,48.0,116.0,116.0,17.0,0.0,0.0,0.0,1.0,4.0,27.0,116.0,116.0,24.0,0.0,1.0,1.0,0.0,4.0,24.0,116.0,93.0,22.0,5.0,3.0,116.0,46.0,6.0,11.0,12.0,10.0,10.0,73.0,114.0,39.0,24.0,10.0,5.0,20.0,58.0,71.0,0.0,9.0,30.0,55.0,27.0,50.0,74.0,1.0,0.0,16.0,42.0,116.0,61.0,18.0,4.0,0.0,40.0,20.0,2.0,0.0,0.0,5.0,6.0,54.0,99.0,15.0,4.0,8.0,5.0,4.0,12.0,107.0,13.0,77.0,49.0,13.0,5.0,8.0,19.0,5.0,5.0,37.0,41.0,47.0,8.0,6.0,15.0,7.0]"
"[18.0,38.0,20.0,5.0,14.0,8.0,15.0,7.0,24.0,26.0,5.0,1.0,6.0,49.0,81.0,30.0,41.0,12.0,4.0,3.0,2.0,40.0,83.0,24.0,62.0,38.0,5.0,8.0,3.0,3.0,11.0,19.0,0.0,11.0,19.0,40.0,39.0,110.0,19.0,4.0,20.0,26.0,18.0,14.0,26.0,117.0,84.0,26.0,117.0,49.0,3.0,0.0,0.0,28.0,103.0,90.0,117.0,76.0,12.0,11.0,4.0,29.0,22.0,109.0,2.0,13.0,26.0,39.0,56.0,95.0,20.0,3.0,10.0,65.0,117.0,37.0,11.0,46.0,4.0,1.0,73.0,50.0,78.0,46.0,7.0,0.0,4.0,46.0,117.0,9.0,15.0,7.0,8.0,27.0,15.0,108.0,16.0,25.0,20.0,18.0,10.0,8.0,1.0,8.0,12.0,42.0,101.0,14.0,3.0,4.0,26.0,12.0,23.0,42.0,105.0,61.0,7.0,6.0,12.0,11.0,36.0,19.0,48.0,18.0,9.0,11.0,4.0,11.0]"
"[1.0,21.0,20.0,28.0,21.0,24.0,25.0,6.0,2.0,54.0,40.0,2.0,18.0,119.0,64.0,10.0,8.0,13.0,13.0,6.0,4.0,32.0,119.0,119.0,8.0,14.0,8.0,1.0,0.0,38.0,77.0,28.0,1.0,2.0,0.0,8.0,29.0,103.0,96.0,37.0,1.0,3.0,13.0,22.0,34.0,119.0,91.0,11.0,71.0,23.0,12.0,3.0,7.0,39.0,65.0,119.0,110.0,45.0,11.0,9.0,13.0,30.0,64.0,46.0,11.0,7.0,25.0,46.0,42.0,15.0,21.0,44.0,8.0,16.0,70.0,115.0,43.0,14.0,4.0,6.0,70.0,119.0,48.0,15.0,5.0,2.0,5.0,12.0,119.0,34.0,10.0,29.0,13.0,6.0,12.0,31.0,2.0,20.0,76.0,44.0,5.0,1.0,0.0,0.0,4.0,35.0,65.0,105.0,24.0,2.0,1.0,0.0,11.0,55.0,30.0,23.0,25.0,10.0,5.0,2.0,37.0,2.0,0.0,1.0,10.0,6.0,12.0,13.0]"
"[16.0,15.0,5.0,6.0,16.0,22.0,5.0,3.0,6.0,12.0,50.0,62.0,35.0,5.0,0.0,1.0,7.0,11.0,43.0,42.0,54.0,19.0,4.0,0.0,41.0,5.0,2.0,7.0,36.0,31.0,42.0,33.0,64.0,35.0,1.0,3.0,14.0,22.0,11.0,39.0,62.0,38.0,43.0,58.0,10.0,3.0,15.0,23.0,0.0,2.0,46.0,113.0,113.0,12.0,7.0,1.0,59.0,17.0,12.0,32.0,113.0,7.0,2.0,26.0,59.0,17.0,1.0,4.0,8.0,42.0,78.0,65.0,52.0,5.0,1.0,1.0,6.0,78.0,113.0,97.0,2.0,0.0,0.0,17.0,113.0,113.0,113.0,26.0,40.0,33.0,30.0,16.0,70.0,51.0,5.0,18.0,19.0,0.0,1.0,0.0,2.0,24.0,29.0,53.0,9.0,7.0,12.0,1.0,9.0,100.0,113.0,45.0,20.0,51.0,21.0,5.0,12.0,93.0,103.0,6.0,92.0,105.0,8.0,4.0,1.0,16.0,5.0,7.0]"
"[3.0,0.0,0.0,0.0,24.0,67.0,30.0,31.0,1.0,0.0,2.0,8.0,42.0,68.0,103.0,77.0,10.0,2.0,1.0,9.0,22.0,17.0,89.0,71.0,21.0,3.0,3.0,0.0,0.0,0.0,8.0,39.0,0.0,0.0,0.0,46.0,68.0,71.0,46.0,31.0,6.0,4.0,0.0,10.0,77.0,113.0,76.0,30.0,113.0,20.0,0.0,5.0,25.0,29.0,109.0,113.0,108.0,12.0,3.0,8.0,17.0,10.0,11.0,59.0,33.0,8.0,11.0,113.0,71.0,6.0,4.0,10.0,16.0,38.0,38.0,113.0,51.0,8.0,5.0,2.0,113.0,112.0,31.0,75.0,20.0,1.0,0.0,2.0,95.0,60.0,0.0,23.0,33.0,11.0,5.0,4.0,17.0,4.0,3.0,65.0,20.0,0.0,2.0,5.0,8.0,16.0,34.0,93.0,49.0,2.0,1.0,10.0,56.0,49.0,56.0,39.0,2.0,17.0,13.0,21.0,25.0,14.0,0.0,2.0,43.0,16.0,19.0,23.0]"
"[15.0,13.0,11.0,15.0,1.0,0.0,2.0,22.0,9.0,50.0,106.0,19.0,0.0,0.0,5.0,4.0,5.0,19.0,85.0,75.0,0.0,0.0,3.0,13.0,71.0,56.0,9.0,8.0,0.0,0.0,0.0,10.0,100.0,46.0,17.0,4.0,0.0,0.0,9.0,32.0,127.0,127.0,127.0,9.0,0.0,0.0,0.0,1.0,4.0,23.0,127.0,127.0,0.0,0.0,0.0,0.0,44.0,75.0,105.0,59.0,0.0,0.0,0.0,4.0,127.0,34.0,14.0,12.0,0.0,0.0,0.0,71.0,127.0,55.0,10.0,1.0,0.0,0.0,0.0,46.0,24.0,5.0,76.0,25.0,0.0,0.0,3.0,32.0,1.0,5.0,80.0,61.0,0.0,0.0,1.0,6.0,61.0,6.0,20.0,22.0,1.0,0.0,0.0,38.0,127.0,4.0,5.0,0.0,0.0,0.0,0.0,127.0,11.0,0.0,0.0,0.0,0.0,0.0,11.0,59.0,0.0,0.0,3.0,4.0,0.0,0.0,7.0,28.0]"
"[6.0,7.0,0.0,0.0,0.0,0.0,0.0,0.0,14.0,102.0,41.0,0.0,0.0,0.0,0.0,0.0,7.0,45.0,84.0,52.0,1.0,0.0,0.0,1.0,3.0,23.0,6.0,20.0,1.0,0.0,1.0,2.0,64.0,11.0,0.0,1.0,1.0,0.0,0.0,3.0,135.0,135.0,50.0,5.0,0.0,0.0,0.0,19.0,22.0,57.0,90.0,135.0,49.0,2.0,0.0,6.0,37.0,94.0,15.0,101.0,24.0,0.0,0.0,8.0,61.0,1.0,0.0,2.0,2.0,1.0,0.0,10.0,135.0,4.0,0.0,0.0,0.0,1.0,29.0,135.0,26.0,1.0,0.0,42.0,35.0,102.0,135.0,60.0,17.0,8.0,1.0,41.0,28.0,78.0,81.0,28.0,7.0,0.0,3.0,2.0,1.0,4.0,2.0,12.0,27.0,4.0,3.0,0.0,0.0,3.0,55.0,118.0,1.0,5.0,5.0,0.0,0.0,65.0,135.0,23.0,0.0,5.0,3.0,0.0,0.0,27.0,53.0,3.0]"
"[20.0,22.0,2.0,0.0,4.0,4.0,1.0,0.0,24.0,71.0,108.0,50.0,1.0,0.0,0.0,0.0,6.0,37.0,96.0,74.0,5.0,3.0,0.0,2.0,4.0,15.0,17.0,16.0,29.0,26.0,2.0,2.0,102.0,32.0,17.0,12.0,0.0,0.0,0.0,13.0,120.0,75.0,53.0,43.0,0.0,0.0,1.0,56.0,4.0,5.0,117.0,120.0,112.0,36.0,2.0,1.0,1.0,1.0,3.0,50.0,120.0,30.0,0.0,0.0,46.0,4.0,21.0,97.0,57.0,12.0,1.0,29.0,120.0,3.0,0.0,2.0,6.0,29.0,113.0,120.0,5.0,1.0,0.0,0.0,74.0,120.0,120.0,10.0,0.0,0.0,0.0,7.0,66.0,62.0,5.0,0.0,3.0,1.0,1.0,7.0,44.0,67.0,13.0,7.0,1.0,2.0,2.0,2.0,6.0,17.0,70.0,26.0,3.0,2.0,0.0,1.0,0.0,29.0,71.0,6.0,1.0,0.0,0.0,0.0,2.0,8.0,5.0,2.0]"
"[1.0,9.0,11.0,6.0,0.0,0.0,0.0,0.0,3.0,43.0,90.0,4.0,0.0,0.0,2.0,9.0,24.0,8.0,108.0,20.0,0.0,0.0,27.0,71.0,2.0,0.0,19.0,18.0,0.0,0.0,101.0,61.0,71.0,37.0,7.0,8.0,4.0,0.0,0.0,2.0,133.0,133.0,133.0,9.0,0.0,0.0,0.0,11.0,1.0,11.0,133.0,102.0,0.0,0.0,0.0,0.0,0.0,0.0,78.0,133.0,16.0,0.0,7.0,3.0,89.0,5.0,1.0,5.0,3.0,0.0,0.0,10.0,133.0,5.0,1.0,1.0,0.0,1.0,0.0,65.0,12.0,0.0,11.0,17.0,2.0,18.0,25.0,4.0,0.0,0.0,5.0,61.0,82.0,42.0,17.0,0.0,43.0,4.0,1.0,3.0,0.0,0.0,0.0,1.0,133.0,5.0,0.0,0.0,2.0,39.0,5.0,23.0,10.0,0.0,0.0,0.0,3.0,133.0,97.0,10.0,0.0,0.0,0.0,0.0,8.0,79.0,70.0,8.0]"
"[7.0,9.0,1.0,4.0,5.0,0.0,1.0,3.0,38.0,117.0,60.0,2.0,0.0,0.0,1.0,11.0,60.0,109.0,59.0,32.0,1.0,1.0,6.0,26.0,12.0,22.0,7.0,69.0,46.0,20.0,14.0,21.0,72.0,41.0,6.0,25.0,24.0,0.0,0.0,4.0,130.0,130.0,71.0,7.0,0.0,0.0,0.0,45.0,8.0,32.0,85.0,130.0,15.0,3.0,6.0,12.0,0.0,8.0,21.0,78.0,80.0,28.0,11.0,9.0,47.0,11.0,6.0,11.0,10.0,4.0,2.0,14.0,130.0,5.0,0.0,0.0,0.0,9.0,109.0,130.0,10.0,0.0,0.0,22.0,18.0,56.0,130.0,25.0,9.0,8.0,12.0,39.0,36.0,25.0,88.0,19.0,2.0,0.0,0.0,0.0,11.0,18.0,11.0,8.0,12.0,0.0,0.0,0.0,0.0,7.0,101.0,57.0,10.0,0.0,0.0,0.0,0.0,10.0,119.0,32.0,89.0,19.0,3.0,0.0,0.0,0.0,32.0,25.0]"
"[0.0,1.0,31.0,38.0,6.0,2.0,0.0,0.0,0.0,33.0,93.0,5.0,2.0,3.0,0.0,0.0,0.0,29.0,110.0,47.0,23.0,2.0,0.0,0.0,2.0,3.0,3.0,22.0,27.0,2.0,0.0,0.0,11.0,11.0,48.0,28.0,8.0,31.0,32.0,85.0,26.0,88.0,120.0,1.0,0.0,0.0,0.0,66.0,1.0,40.0,82.0,58.0,120.0,17.0,0.0,0.0,2.0,47.0,20.0,28.0,120.0,5.0,0.0,0.0,33.0,7.0,2.0,0.0,0.0,12.0,10.0,71.0,120.0,7.0,0.0,0.0,3.0,2.0,1.0,120.0,20.0,2.0,0.0,1.0,120.0,80.0,0.0,6.0,102.0,120.0,20.0,3.0,87.0,23.0,0.0,0.0,23.0,5.0,0.0,0.0,0.0,0.0,0.0,13.0,98.0,5.0,0.0,0.0,0.0,18.0,29.0,91.0,25.0,7.0,2.0,0.0,60.0,120.0,30.0,12.0,120.0,37.0,0.0,0.0,14.0,17.0,0.0,0.0]"
"[52.0,33.0,2.0,0.0,0.0,0.0,0.0,1.0,56.0,81.0,115.0,56.0,0.0,0.0,0.0,2.0,43.0,97.0,66.0,56.0,0.0,0.0,0.0,4.0,39.0,52.0,4.0,2.0,4.0,7.0,5.0,12.0,136.0,8.0,0.0,0.0,0.0,0.0,0.0,20.0,137.0,38.0,37.0,58.0,0.0,1.0,5.0,55.0,21.0,13.0,89.0,137.0,19.0,9.0,18.0,10.0,19.0,2.0,6.0,22.0,22.0,20.0,36.0,37.0,93.0,9.0,0.0,0.0,0.0,0.0,0.0,12.0,137.0,1.0,1.0,1.0,0.0,18.0,121.0,137.0,3.0,0.0,4.0,22.0,21.0,76.0,137.0,11.0,0.0,0.0,0.0,9.0,30.0,118.0,79.0,20.0,17.0,7.0,0.0,0.0,0.0,0.0,0.0,6.0,17.0,0.0,0.0,0.0,0.0,12.0,64.0,38.0,3.0,0.0,0.0,0.0,0.0,24.0,101.0,4.0,1.0,3.0,6.0,1.0,2.0,23.0,22.0,3.0]"
"[0.0,17.0,17.0,11.0,30.0,1.0,0.0,0.0,0.0,74.0,124.0,2.0,3.0,0.0,0.0,0.0,0.0,22.0,124.0,20.0,0.0,0.0,0.0,0.0,0.0,5.0,42.0,37.0,2.0,0.0,0.0,0.0,51.0,78.0,26.0,10.0,5.0,0.0,0.0,8.0,108.0,124.0,124.0,4.0,0.0,0.0,0.0,30.0,7.0,13.0,124.0,93.0,103.0,8.0,0.0,2.0,6.0,38.0,73.0,63.0,67.0,3.0,0.0,0.0,56.0,6.0,1.0,0.0,0.0,2.0,5.0,35.0,124.0,2.0,0.0,0.0,0.0,3.0,9.0,124.0,21.0,2.0,1.0,5.0,124.0,70.0,13.0,31.0,60.0,42.0,5.0,3.0,61.0,16.0,0.0,0.0,12.0,7.0,0.0,0.0,0.0,20.0,30.0,18.0,124.0,52.0,0.0,0.0,1.0,4.0,14.0,96.0,38.0,8.0,0.0,0.0,77.0,76.0,7.0,15.0,58.0,6.0,0.0,0.0,15.0,13.0,1.0,8.0]"
"[19.0,14.0,14.0,5.0,1.0,0.0,0.0,0.0,50.0,39.0,98.0,101.0,0.0,0.0,0.0,2.0,44.0,11.0,86.0,116.0,0.0,0.0,0.0,40.0,51.0,14.0,18.0,0.0,0.0,2.0,10.0,71.0,57.0,3.0,0.0,0.0,1.0,0.0,0.0,4.0,134.0,35.0,34.0,46.0,0.0,0.0,0.0,14.0,22.0,16.0,134.0,134.0,9.0,19.0,2.0,0.0,20.0,17.0,94.0,21.0,20.0,38.0,5.0,8.0,54.0,2.0,0.0,0.0,2.0,0.0,0.0,8.0,134.0,15.0,0.0,0.0,0.0,25.0,52.0,68.0,21.0,1.0,7.0,9.0,8.0,134.0,134.0,12.0,0.0,0.0,1.0,2.0,11.0,96.0,80.0,18.0,7.0,0.0,0.0,0.0,3.0,6.0,5.0,9.0,18.0,0.0,0.0,0.0,0.0,40.0,111.0,54.0,0.0,0.0,0.0,0.0,0.0,101.0,113.0,4.0,0.0,0.0,0.0,0.0,0.0,8.0,50.0,31.0]"
"[52.0,15.0,18.0,10.0,0.0,1.0,0.0,10.0,15.0,19.0,134.0,73.0,1.0,0.0,0.0,1.0,1.0,25.0,134.0,10.0,0.0,0.0,0.0,0.0,0.0,11.0,130.0,23.0,0.0,0.0,0.0,0.0,134.0,16.0,10.0,4.0,1.0,0.0,0.0,69.0,134.0,40.0,134.0,32.0,0.0,0.0,0.0,104.0,1.0,19.0,134.0,9.0,0.0,0.0,0.0,3.0,0.0,11.0,134.0,71.0,22.0,0.0,1.0,0.0,102.0,64.0,6.0,9.0,0.0,0.0,0.0,16.0,134.0,62.0,0.0,0.0,0.0,0.0,0.0,76.0,11.0,0.0,1.0,0.0,0.0,0.0,2.0,30.0,0.0,0.0,0.0,15.0,64.0,3.0,1.0,1.0,89.0,19.0,1.0,32.0,4.0,0.0,0.0,10.0,134.0,30.0,7.0,9.0,0.0,0.0,0.0,36.0,5.0,1.0,8.0,14.0,0.0,0.0,4.0,58.0,2.0,0.0,0.0,7.0,14.0,0.0,2.0,9.0]"
"[24.0,58.0,106.0,19.0,2.0,2.0,5.0,6.0,2.0,39.0,125.0,63.0,2.0,1.0,4.0,1.0,2.0,43.0,111.0,118.0,69.0,0.0,0.0,0.0,10.0,1.0,0.0,26.0,39.0,0.0,0.0,6.0,57.0,18.0,9.0,6.0,2.0,10.0,72.0,100.0,79.0,52.0,34.0,17.0,2.0,8.0,41.0,39.0,30.0,29.0,18.0,75.0,125.0,49.0,9.0,2.0,28.0,26.0,7.0,27.0,125.0,11.0,0.0,6.0,87.0,11.0,0.0,0.0,0.0,0.0,38.0,58.0,81.0,33.0,0.0,0.0,0.0,60.0,125.0,66.0,8.0,7.0,0.0,2.0,84.0,125.0,125.0,0.0,74.0,7.0,0.0,2.0,71.0,42.0,0.0,31.0,8.0,0.0,0.0,0.0,0.0,1.0,41.0,18.0,2.0,2.0,0.0,0.0,0.0,20.0,97.0,14.0,2.0,4.0,1.0,6.0,11.0,26.0,31.0,1.0,15.0,0.0,0.0,10.0,20.0,2.0,0.0,11.0]"
"[41.0,19.0,6.0,51.0,35.0,1.0,2.0,7.0,0.0,7.0,46.0,73.0,32.0,0.0,0.0,0.0,2.0,11.0,111.0,17.0,2.0,0.0,0.0,0.0,68.0,41.0,40.0,4.0,0.0,8.0,4.0,2.0,63.0,13.0,3.0,11.0,19.0,9.0,90.0,95.0,51.0,81.0,110.0,26.0,18.0,3.0,15.0,17.0,1.0,31.0,117.0,10.0,16.0,75.0,10.0,0.0,8.0,26.0,55.0,5.0,2.0,117.0,36.0,0.0,97.0,9.0,0.0,0.0,4.0,8.0,36.0,68.0,100.0,17.0,0.0,0.0,7.0,13.0,91.0,117.0,9.0,1.0,0.0,0.0,101.0,117.0,17.0,11.0,0.0,0.0,0.0,0.0,13.0,117.0,21.0,1.0,3.0,0.0,0.0,0.0,0.0,0.0,19.0,19.0,117.0,0.0,0.0,0.0,11.0,9.0,42.0,99.0,28.0,0.0,0.0,0.0,117.0,106.0,9.0,23.0,1.0,0.0,0.0,0.0,9.0,30.0,2.0,1.0]"
"[1.0,16.0,1.0,0.0,0.0,0.0,0.0,0.0,0.0,77.0,50.0,0.0,0.0,0.0,0.0,0.0,0.0,51.0,93.0,39.0,7.0,0.0,0.0,0.0,1.0,21.0,23.0,29.0,5.0,0.0,0.0,0.0,72.0,103.0,4.0,0.0,0.0,0.0,0.0,2.0,33.0,119.0,119.0,17.0,2.0,0.0,2.0,6.0,8.0,70.0,61.0,42.0,111.0,36.0,0.0,0.0,38.0,83.0,51.0,49.0,32.0,11.0,0.0,0.0,117.0,27.0,0.0,0.0,0.0,0.0,17.0,69.0,82.0,24.0,20.0,12.0,17.0,29.0,52.0,119.0,44.0,8.0,11.0,9.0,119.0,119.0,11.0,20.0,119.0,40.0,12.0,31.0,22.0,6.0,1.0,25.0,8.0,0.0,0.0,0.0,0.0,0.0,8.0,27.0,46.0,0.0,0.0,0.0,4.0,45.0,47.0,116.0,28.0,0.0,0.0,0.0,14.0,119.0,37.0,37.0,119.0,0.0,0.0,2.0,2.0,0.0,3.0,68.0]"
"[19.0,0.0,0.0,0.0,14.0,30.0,54.0,72.0,2.0,0.0,0.0,0.0,0.0,20.0,124.0,31.0,0.0,0.0,0.0,9.0,9.0,26.0,124.0,34.0,0.0,0.0,0.0,1.0,3.0,36.0,83.0,0.0,2.0,27.0,45.0,8.0,38.0,42.0,45.0,23.0,6.0,10.0,31.0,28.0,7.0,17.0,124.0,16.0,33.0,91.0,67.0,4.0,0.0,7.0,123.0,31.0,0.0,11.0,124.0,29.0,0.0,16.0,71.0,0.0,31.0,113.0,61.0,52.0,42.0,7.0,0.0,0.0,25.0,7.0,28.0,73.0,123.0,2.0,0.0,4.0,124.0,75.0,41.0,2.0,1.0,0.0,0.0,49.0,24.0,14.0,118.0,34.0,3.0,0.0,0.0,3.0,24.0,28.0,0.0,9.0,64.0,10.0,0.0,0.0,8.0,0.0,0.0,20.0,124.0,23.0,0.0,2.0,124.0,0.0,0.0,0.0,5.0,0.0,1.0,72.0,39.0,0.0,0.0,1.0,2.0,0.0,3.0,21.0]"
"[80.0,60.0,13.0,0.0,0.0,0.0,0.0,17.0,36.0,67.0,106.0,59.0,3.0,0.0,0.0,4.0,30.0,29.0,70.0,70.0,25.0,13.0,8.0,15.0,4.0,5.0,13.0,7.0,16.0,31.0,58.0,11.0,118.0,9.0,0.0,0.0,0.0,4.0,7.0,103.0,118.0,12.0,5.0,17.0,15.0,0.0,9.0,68.0,0.0,0.0,6.0,98.0,118.0,42.0,12.0,2.0,7.0,26.0,22.0,25.0,42.0,24.0,20.0,10.0,113.0,45.0,63.0,2.0,1.0,4.0,2.0,17.0,118.0,15.0,7.0,3.0,24.0,84.0,118.0,51.0,0.0,0.0,0.0,40.0,52.0,89.0,118.0,37.0,6.0,6.0,0.0,10.0,32.0,76.0,94.0,21.0,30.0,17.0,37.0,5.0,3.0,8.0,6.0,79.0,4.0,5.0,10.0,7.0,107.0,89.0,18.0,8.0,0.0,0.0,5.0,9.0,19.0,24.0,61.0,6.0,0.0,3.0,4.0,0.0,0.0,11.0,17.0,2.0]"
"[3.0,0.0,2.0,46.0,56.0,14.0,45.0,16.0,7.0,1.0,1.0,23.0,26.0,36.0,109.0,78.0,17.0,7.0,1.0,39.0,39.0,26.0,50.0,76.0,74.0,35.0,2.0,1.0,6.0,0.0,0.0,33.0,23.0,1.0,6.0,26.0,91.0,18.0,39.0,54.0,32.0,4.0,18.0,81.0,67.0,8.0,21.0,23.0,45.0,10.0,12.0,16.0,16.0,10.0,29.0,51.0,109.0,38.0,4.0,5.0,6.0,4.0,4.0,83.0,27.0,18.0,28.0,84.0,46.0,6.0,5.0,12.0,58.0,37.0,62.0,109.0,42.0,2.0,8.0,12.0,109.0,77.0,109.0,74.0,9.0,2.0,5.0,6.0,70.0,93.0,103.0,15.0,0.0,1.0,1.0,30.0,13.0,6.0,5.0,109.0,47.0,2.0,3.0,7.0,109.0,45.0,16.0,90.0,20.0,2.0,3.0,14.0,107.0,27.0,32.0,86.0,21.0,0.0,0.0,31.0,22.0,11.0,31.0,8.0,0.0,0.0,0.0,13.0]"
"[0.0,0.0,0.0,0.0,40.0,35.0,54.0,16.0,2.0,0.0,0.0,4.0,36.0,82.0,77.0,73.0,109.0,2.0,0.0,1.0,39.0,92.0,16.0,32.0,43.0,2.0,0.0,2.0,18.0,73.0,16.0,23.0,1.0,5.0,7.0,4.0,109.0,109.0,32.0,10.0,8.0,6.0,14.0,14.0,22.0,93.0,98.0,101.0,102.0,23.0,0.0,1.0,24.0,79.0,51.0,109.0,109.0,8.0,1.0,6.0,24.0,60.0,29.0,33.0,12.0,12.0,17.0,29.0,98.0,65.0,23.0,1.0,27.0,12.0,19.0,45.0,48.0,34.0,4.0,7.0,89.0,61.0,7.0,3.0,36.0,24.0,11.0,39.0,41.0,57.0,7.0,10.0,30.0,20.0,23.0,41.0,61.0,17.0,16.0,28.0,15.0,8.0,3.0,20.0,32.0,18.0,68.0,109.0,52.0,5.0,0.0,10.0,97.0,47.0,64.0,28.0,6.0,2.0,0.0,12.0,13.0,43.0,20.0,31.0,69.0,4.0,1.0,4.0]"
"[114.0,19.0,1.0,4.0,13.0,37.0,12.0,6.0,46.0,1.0,0.0,0.0,111.0,114.0,22.0,53.0,114.0,0.0,0.0,0.0,38.0,72.0,10.0,112.0,31.0,0.0,0.0,0.0,60.0,66.0,26.0,20.0,58.0,36.0,3.0,14.0,62.0,67.0,5.0,15.0,39.0,1.0,0.0,0.0,114.0,114.0,1.0,22.0,114.0,0.0,0.0,0.0,28.0,114.0,33.0,114.0,114.0,4.0,0.0,1.0,114.0,85.0,9.0,26.0,9.0,2.0,0.0,0.0,25.0,83.0,59.0,66.0,11.0,0.0,0.0,4.0,78.0,67.0,31.0,11.0,45.0,5.0,3.0,2.0,4.0,26.0,26.0,20.0,96.0,6.0,2.0,4.0,38.0,51.0,15.0,54.0,2.0,0.0,3.0,8.0,4.0,10.0,17.0,4.0,8.0,13.0,1.0,1.0,2.0,9.0,13.0,3.0,23.0,59.0,27.0,14.0,1.0,0.0,1.0,3.0,18.0,17.0,14.0,18.0,3.0,3.0,1.0,1.0]"
"[49.0,0.0,0.0,0.0,0.0,5.0,3.0,16.0,113.0,7.0,1.0,61.0,57.0,2.0,0.0,18.0,2.0,2.0,3.0,64.0,84.0,2.0,5.0,80.0,1.0,5.0,5.0,1.0,0.0,3.0,53.0,120.0,76.0,19.0,28.0,1.0,4.0,1.0,0.0,3.0,120.0,27.0,18.0,59.0,44.0,0.0,0.0,4.0,2.0,13.0,120.0,120.0,83.0,6.0,2.0,1.0,5.0,34.0,118.0,35.0,0.0,7.0,12.0,9.0,78.0,34.0,48.0,4.0,3.0,0.0,1.0,51.0,120.0,49.0,31.0,8.0,4.0,71.0,52.0,30.0,3.0,4.0,48.0,27.0,4.0,120.0,120.0,5.0,38.0,12.0,23.0,22.0,1.0,41.0,94.0,21.0,22.0,5.0,45.0,47.0,2.0,0.0,6.0,37.0,10.0,3.0,8.0,27.0,11.0,116.0,47.0,28.0,4.0,1.0,3.0,4.0,1.0,67.0,51.0,2.0,63.0,36.0,0.0,0.0,0.0,2.0,15.0,12.0]"
"[55.0,7.0,0.0,0.0,0.0,10.0,74.0,87.0,79.0,21.0,0.0,0.0,1.0,3.0,2.0,36.0,2.0,2.0,0.0,0.0,2.0,24.0,3.0,0.0,0.0,0.0,0.0,0.0,12.0,49.0,4.0,1.0,138.0,23.0,0.0,0.0,0.0,9.0,22.0,52.0,138.0,25.0,0.0,0.0,13.0,7.0,4.0,34.0,0.0,0.0,0.0,0.0,25.0,54.0,13.0,0.0,1.0,0.0,0.0,2.0,63.0,113.0,19.0,4.0,138.0,9.0,0.0,0.0,0.0,0.0,10.0,93.0,82.0,0.0,0.0,0.0,4.0,55.0,132.0,138.0,3.0,0.0,0.0,0.0,5.0,138.0,138.0,14.0,41.0,9.0,0.0,0.0,6.0,117.0,81.0,27.0,6.0,6.0,1.0,1.0,3.0,1.0,7.0,19.0,9.0,1.0,0.0,0.0,3.0,51.0,99.0,75.0,35.0,24.0,0.0,0.0,0.0,57.0,72.0,12.0,38.0,39.0,3.0,0.0,0.0,3.0,9.0,5.0]"
"[49.0,15.0,18.0,4.0,0.0,0.0,4.0,14.0,97.0,51.0,95.0,63.0,0.0,4.0,17.0,32.0,104.0,56.0,78.0,39.0,0.0,0.0,3.0,24.0,29.0,13.0,22.0,4.0,0.0,0.0,0.0,7.0,114.0,40.0,28.0,60.0,5.0,0.0,0.0,17.0,114.0,87.0,97.0,53.0,0.0,0.0,0.0,27.0,47.0,44.0,91.0,27.0,16.0,1.0,0.0,5.0,5.0,3.0,10.0,12.0,5.0,0.0,0.0,0.0,69.0,41.0,14.0,99.0,50.0,8.0,33.0,58.0,109.0,47.0,3.0,9.0,3.0,5.0,90.0,114.0,10.0,2.0,2.0,4.0,19.0,16.0,103.0,68.0,0.0,0.0,3.0,7.0,8.0,1.0,5.0,16.0,13.0,0.0,1.0,15.0,24.0,5.0,20.0,63.0,44.0,2.0,2.0,14.0,28.0,5.0,78.0,103.0,32.0,1.0,2.0,14.0,51.0,9.0,89.0,114.0,15.0,0.0,0.0,3.0,5.0,1.0,15.0,114.0]"
"[1.0,0.0,0.0,7.0,16.0,32.0,38.0,17.0,1.0,0.0,9.0,43.0,8.0,53.0,121.0,19.0,14.0,5.0,14.0,76.0,11.0,20.0,98.0,40.0,32.0,17.0,12.0,7.0,2.0,0.0,1.0,18.0,0.0,0.0,0.0,0.0,8.0,140.0,140.0,20.0,4.0,0.0,0.0,0.0,0.0,105.0,140.0,34.0,140.0,21.0,4.0,1.0,1.0,21.0,118.0,99.0,74.0,30.0,18.0,8.0,2.0,0.0,1.0,10.0,0.0,1.0,53.0,34.0,13.0,44.0,24.0,3.0,17.0,27.0,17.0,8.0,2.0,1.0,17.0,15.0,140.0,50.0,11.0,0.0,0.0,0.0,11.0,118.0,79.0,6.0,0.0,2.0,4.0,2.0,17.0,98.0,0.0,0.0,22.0,17.0,24.0,38.0,3.0,0.0,32.0,21.0,41.0,6.0,3.0,2.0,0.0,10.0,93.0,71.0,15.0,0.0,0.0,0.0,0.0,26.0,102.0,32.0,0.0,0.0,0.0,0.0,0.0,21.0]"
"[0.0,3.0,0.0,0.0,0.0,11.0,20.0,3.0,101.0,48.0,5.0,12.0,4.0,4.0,6.0,11.0,24.0,14.0,5.0,122.0,74.0,0.0,0.0,0.0,0.0,0.0,0.0,38.0,25.0,0.0,0.0,0.0,67.0,49.0,2.0,0.0,0.0,2.0,23.0,39.0,90.0,122.0,21.0,5.0,3.0,2.0,9.0,10.0,15.0,21.0,11.0,113.0,122.0,40.0,3.0,0.0,0.0,0.0,3.0,102.0,95.0,10.0,0.0,0.0,102.0,10.0,0.0,1.0,0.0,0.0,16.0,100.0,61.0,30.0,2.0,1.0,2.0,12.0,122.0,122.0,24.0,18.0,5.0,5.0,46.0,122.0,122.0,30.0,19.0,32.0,69.0,99.0,23.0,18.0,0.0,2.0,3.0,1.0,2.0,1.0,3.0,0.0,9.0,16.0,11.0,0.0,0.0,0.0,1.0,1.0,85.0,46.0,87.0,8.0,0.0,0.0,0.0,3.0,42.0,85.0,56.0,14.0,18.0,17.0,0.0,0.0,18.0,58.0]"
"[19.0,17.0,25.0,11.0,12.0,12.0,0.0,14.0,35.0,15.0,57.0,94.0,15.0,3.0,12.0,17.0,10.0,21.0,86.0,20.0,23.0,36.0,33.0,6.0,0.0,16.0,83.0,29.0,18.0,4.0,0.0,0.0,55.0,18.0,9.0,9.0,80.0,56.0,3.0,40.0,119.0,37.0,100.0,52.0,7.0,3.0,5.0,64.0,3.0,29.0,119.0,36.0,2.0,38.0,23.0,3.0,0.0,20.0,106.0,75.0,13.0,29.0,68.0,1.0,61.0,58.0,8.0,0.0,17.0,55.0,23.0,12.0,119.0,32.0,4.0,0.0,1.0,11.0,56.0,70.0,4.0,1.0,4.0,38.0,74.0,119.0,57.0,26.0,2.0,4.0,4.0,10.0,50.0,95.0,119.0,8.0,39.0,31.0,0.0,0.0,0.0,19.0,26.0,10.0,46.0,18.0,0.0,0.0,0.0,25.0,119.0,54.0,28.0,11.0,0.0,22.0,61.0,79.0,35.0,81.0,7.0,4.0,4.0,7.0,56.0,48.0,6.0,11.0]"
"[15.0,9.0,9.0,26.0,11.0,0.0,0.0,4.0,44.0,8.0,0.0,0.0,0.0,0.0,62.0,115.0,108.0,4.0,0.0,0.0,0.0,0.0,70.0,139.0,40.0,1.0,0.0,0.0,0.0,0.0,1.0,21.0,0.0,1.0,16.0,139.0,21.0,0.0,6.0,27.0,26.0,5.0,15.0,40.0,9.0,0.0,1.0,16.0,139.0,23.0,4.0,0.0,0.0,0.0,0.0,79.0,103.0,6.0,0.0,0.0,0.0,0.0,0.0,29.0,54.0,26.0,40.0,99.0,32.0,5.0,16.0,99.0,3.0,67.0,139.0,82.0,26.0,1.0,0.0,0.0,102.0,139.0,139.0,0.0,0.0,0.0,0.0,25.0,66.0,42.0,5.0,0.0,0.0,0.0,1.0,15.0,97.0,64.0,20.0,2.0,0.0,0.0,0.0,2.0,6.0,30.0,90.0,4.0,0.0,2.0,8.0,7.0,1.0,23.0,50.0,1.0,0.0,0.0,5.0,18.0,1.0,3.0,2.0,2.0,0.0,0.0,1.0,4.0]"
"[21.0,17.0,45.0,9.0,0.0,0.0,0.0,1.0,1.0,3.0,99.0,52.0,0.0,0.0,0.0,0.0,0.0,4.0,65.0,18.0,0.0,0.0,0.0,0.0,0.0,31.0,44.0,0.0,0.0,0.0,0.0,0.0,132.0,27.0,28.0,5.0,0.0,0.0,0.0,26.0,100.0,33.0,132.0,121.0,0.0,1.0,1.0,14.0,0.0,11.0,132.0,132.0,6.0,13.0,2.0,0.0,14.0,96.0,95.0,24.0,4.0,5.0,3.0,11.0,132.0,50.0,0.0,0.0,0.0,0.0,0.0,19.0,132.0,35.0,10.0,6.0,19.0,34.0,7.0,20.0,0.0,0.0,20.0,43.0,37.0,132.0,29.0,0.0,5.0,2.0,6.0,14.0,9.0,53.0,30.0,16.0,132.0,4.0,0.0,0.0,0.0,0.0,0.0,61.0,89.0,8.0,0.0,0.0,66.0,13.0,0.0,48.0,0.0,0.0,0.0,0.0,108.0,68.0,4.0,0.0,0.0,0.0,0.0,0.0,3.0,11.0,11.0,6.0]"
"[0.0,2.0,3.0,20.0,9.0,0.0,0.0,0.0,19.0,0.0,0.0,11.0,7.0,0.0,1.0,8.0,100.0,28.0,11.0,11.0,0.0,0.0,0.0,17.0,71.0,7.0,6.0,15.0,2.0,0.0,0.0,66.0,0.0,5.0,18.0,39.0,10.0,0.0,0.0,0.0,17.0,2.0,6.0,52.0,20.0,0.0,0.0,0.0,129.0,25.0,20.0,39.0,8.0,0.0,0.0,48.0,110.0,9.0,14.0,129.0,47.0,0.0,0.0,49.0,0.0,9.0,80.0,109.0,15.0,0.0,0.0,0.0,0.0,21.0,129.0,99.0,3.0,0.0,0.0,0.0,129.0,109.0,48.0,39.0,3.0,0.0,0.0,9.0,113.0,17.0,4.0,129.0,42.0,0.0,0.0,11.0,0.0,8.0,123.0,42.0,5.0,0.0,0.0,0.0,0.0,22.0,129.0,84.0,1.0,0.0,0.0,0.0,70.0,68.0,83.0,90.0,0.0,0.0,0.0,0.0,29.0,16.0,3.0,23.0,3.0,0.0,0.0,0.0]"
"[35.0,3.0,0.0,43.0,91.0,15.0,15.0,14.0,27.0,3.0,7.0,51.0,78.0,25.0,53.0,82.0,67.0,15.0,32.0,38.0,49.0,10.0,35.0,55.0,11.0,0.0,0.0,5.0,38.0,15.0,74.0,40.0,29.0,4.0,1.0,24.0,39.0,85.0,111.0,27.0,54.0,0.0,3.0,59.0,97.0,44.0,59.0,51.0,70.0,3.0,2.0,9.0,68.0,66.0,42.0,77.0,50.0,48.0,40.0,13.0,28.0,13.0,14.0,12.0,11.0,1.0,18.0,66.0,13.0,38.0,48.0,13.0,60.0,55.0,88.0,41.0,7.0,14.0,21.0,25.0,17.0,31.0,100.0,91.0,2.0,9.0,27.0,33.0,111.0,64.0,35.0,17.0,7.0,1.0,0.0,26.0,10.0,1.0,29.0,111.0,43.0,0.0,0.0,1.0,111.0,45.0,30.0,50.0,17.0,0.0,0.0,33.0,41.0,37.0,70.0,111.0,0.0,0.0,0.0,3.0,30.0,52.0,53.0,14.0,2.0,0.0,0.0,4.0]"
"[19.0,52.0,32.0,3.0,0.0,5.0,4.0,5.0,38.0,129.0,87.0,7.0,0.0,0.0,0.0,16.0,2.0,43.0,129.0,42.0,0.0,0.0,0.0,0.0,0.0,80.0,59.0,0.0,0.0,3.0,2.0,0.0,39.0,16.0,2.0,0.0,0.0,44.0,55.0,50.0,129.0,17.0,6.0,1.0,0.0,8.0,15.0,129.0,31.0,11.0,35.0,4.0,0.0,81.0,90.0,12.0,9.0,25.0,8.0,0.0,0.0,43.0,94.0,10.0,35.0,1.0,0.0,0.0,0.0,14.0,9.0,15.0,129.0,0.0,0.0,0.0,0.0,48.0,82.0,127.0,33.0,0.0,0.0,0.0,0.0,129.0,129.0,36.0,129.0,44.0,1.0,0.0,0.0,8.0,69.0,31.0,11.0,3.0,3.0,0.0,0.0,0.0,0.0,2.0,19.0,6.0,4.0,0.0,11.0,24.0,19.0,17.0,50.0,1.0,0.0,0.0,6.0,21.0,18.0,10.0,129.0,14.0,0.0,0.0,0.0,0.0,0.0,11.0]"
"[1.0,12.0,28.0,35.0,29.0,3.0,0.0,0.0,33.0,133.0,97.0,14.0,0.0,0.0,0.0,0.0,3.0,23.0,109.0,133.0,6.0,0.0,0.0,0.0,6.0,10.0,31.0,68.0,2.0,0.0,0.0,0.0,21.0,15.0,10.0,3.0,9.0,7.0,2.0,20.0,133.0,76.0,17.0,1.0,0.0,1.0,0.0,33.0,48.0,20.0,27.0,133.0,61.0,80.0,2.0,4.0,0.0,1.0,24.0,111.0,77.0,56.0,2.0,0.0,11.0,0.0,0.0,0.0,0.0,17.0,30.0,27.0,126.0,0.0,0.0,0.0,0.0,27.0,85.0,133.0,27.0,0.0,0.0,0.0,13.0,133.0,116.0,31.0,1.0,0.0,0.0,0.0,21.0,119.0,35.0,0.0,1.0,0.0,0.0,0.0,8.0,46.0,16.0,2.0,4.0,0.0,0.0,0.0,0.0,19.0,71.0,64.0,3.0,0.0,0.0,0.0,0.0,55.0,66.0,12.0,6.0,0.0,0.0,0.0,0.0,5.0,8.0,2.0]"
"[102.0,3.0,9.0,49.0,18.0,0.0,0.0,16.0,3.0,17.0,56.0,101.0,31.0,0.0,0.0,1.0,0.0,53.0,115.0,6.0,2.0,2.0,1.0,0.0,0.0,109.0,55.0,2.0,9.0,0.0,0.0,0.0,115.0,1.0,1.0,21.0,3.0,0.0,2.0,115.0,27.0,46.0,107.0,76.0,5.0,0.0,1.0,69.0,0.0,54.0,115.0,8.0,3.0,11.0,5.0,0.0,0.0,32.0,27.0,1.0,23.0,65.0,25.0,0.0,61.0,1.0,0.0,0.0,0.0,1.0,8.0,92.0,115.0,22.0,10.0,4.0,2.0,3.0,11.0,115.0,0.0,1.0,4.0,12.0,46.0,115.0,42.0,10.0,0.0,0.0,0.0,0.0,8.0,115.0,67.0,0.0,71.0,17.0,0.0,0.0,0.0,0.0,0.0,1.0,115.0,57.0,14.0,14.0,4.0,0.0,0.0,2.0,0.0,1.0,7.0,110.0,112.0,24.0,2.0,1.0,0.0,0.0,0.0,32.0,29.0,15.0,2.0,0.0]"
"[22.0,1.0,0.0,0.0,13.0,64.0,25.0,26.0,57.0,17.0,0.0,0.0,0.0,1.0,3.0,20.0,48.0,16.0,0.0,0.0,0.0,1.0,0.0,0.0,1.0,0.0,1.0,0.0,2.0,20.0,1.0,0.0,118.0,3.0,0.0,1.0,54.0,117.0,46.0,73.0,125.0,18.0,0.0,0.0,0.0,0.0,9.0,58.0,41.0,6.0,0.0,0.0,1.0,36.0,22.0,12.0,0.0,3.0,0.0,0.0,10.0,125.0,32.0,0.0,125.0,7.0,5.0,14.0,51.0,37.0,1.0,28.0,125.0,3.0,0.0,0.0,0.0,26.0,65.0,121.0,11.0,0.0,0.0,0.0,8.0,99.0,125.0,36.0,28.0,18.0,2.0,2.0,74.0,105.0,45.0,12.0,43.0,17.0,11.0,4.0,38.0,14.0,2.0,17.0,38.0,3.0,2.0,0.0,3.0,85.0,116.0,66.0,1.0,0.0,0.0,0.0,1.0,62.0,125.0,31.0,14.0,0.0,0.0,0.0,7.0,30.0,106.0,51.0]"
"[37.0,25.0,0.0,0.0,0.0,0.0,0.0,0.0,24.0,68.0,67.0,27.0,3.0,0.0,0.0,1.0,1.0,10.0,94.0,104.0,4.0,0.0,0.0,3.0,6.0,53.0,51.0,4.0,0.0,0.0,0.0,3.0,121.0,44.0,2.0,0.0,0.0,0.0,0.0,5.0,121.0,121.0,116.0,25.0,8.0,1.0,3.0,15.0,0.0,14.0,121.0,121.0,14.0,4.0,1.0,0.0,0.0,49.0,121.0,17.0,3.0,1.0,1.0,0.0,121.0,8.0,0.0,0.0,0.0,0.0,0.0,28.0,121.0,9.0,3.0,5.0,11.0,7.0,61.0,121.0,16.0,12.0,12.0,14.0,21.0,20.0,51.0,52.0,3.0,8.0,12.0,5.0,41.0,65.0,42.0,5.0,57.0,3.0,1.0,0.0,0.0,0.0,0.0,21.0,81.0,2.0,0.0,17.0,6.0,5.0,15.0,81.0,12.0,0.0,0.0,11.0,7.0,65.0,95.0,86.0,0.0,0.0,0.0,0.0,24.0,83.0,69.0,17.0]"
"[28.0,13.0,13.0,1.0,0.0,0.0,0.0,0.0,12.0,13.0,96.0,55.0,0.0,0.0,0.0,0.0,0.0,3.0,63.0,36.0,0.0,0.0,0.0,0.0,36.0,25.0,30.0,0.0,0.0,0.0,0.0,2.0,128.0,34.0,4.0,0.0,0.0,0.0,0.0,5.0,128.0,78.0,128.0,91.0,0.0,11.0,2.0,3.0,3.0,17.0,128.0,128.0,7.0,39.0,8.0,1.0,14.0,96.0,128.0,10.0,3.0,3.0,11.0,27.0,128.0,18.0,4.0,0.0,0.0,0.0,0.0,42.0,128.0,38.0,0.0,2.0,43.0,53.0,2.0,62.0,1.0,1.0,5.0,20.0,53.0,128.0,35.0,4.0,3.0,7.0,5.0,2.0,9.0,20.0,57.0,49.0,50.0,13.0,15.0,0.0,0.0,0.0,0.0,23.0,87.0,2.0,0.0,0.0,45.0,25.0,19.0,128.0,1.0,0.0,0.0,3.0,73.0,51.0,19.0,11.0,1.0,0.0,0.0,0.0,5.0,3.0,11.0,11.0]"
"[0.0,0.0,1.0,7.0,3.0,11.0,29.0,0.0,0.0,0.0,7.0,29.0,5.0,34.0,68.0,0.0,3.0,0.0,14.0,91.0,7.0,24.0,57.0,20.0,25.0,17.0,26.0,44.0,3.0,0.0,1.0,5.0,0.0,0.0,0.0,1.0,3.0,143.0,143.0,1.0,0.0,0.0,0.0,1.0,3.0,110.0,143.0,12.0,143.0,2.0,4.0,3.0,0.0,34.0,125.0,139.0,81.0,16.0,43.0,10.0,0.0,0.0,0.0,18.0,24.0,2.0,0.0,8.0,9.0,80.0,46.0,25.0,8.0,0.0,0.0,12.0,20.0,21.0,35.0,26.0,143.0,0.0,0.0,0.0,0.0,0.0,3.0,66.0,143.0,2.0,3.0,3.0,0.0,0.0,0.0,18.0,3.0,0.0,0.0,0.0,0.0,6.0,17.0,10.0,8.0,0.0,0.0,0.0,1.0,8.0,17.0,22.0,143.0,5.0,0.0,0.0,0.0,0.0,0.0,43.0,117.0,0.0,0.0,0.0,0.0,0.0,2.0,24.0]"
"[0.0,0.0,0.0,0.0,0.0,72.0,58.0,0.0,0.0,0.0,0.0,0.0,0.0,29.0,140.0,20.0,9.0,0.0,0.0,0.0,0.0,0.0,98.0,79.0,10.0,1.0,0.0,0.0,4.0,7.0,1.0,15.0,0.0,0.0,0.0,0.0,14.0,140.0,79.0,0.0,2.0,0.0,0.0,0.0,0.0,43.0,140.0,59.0,140.0,0.0,0.0,0.0,0.0,0.0,90.0,140.0,87.0,0.0,0.0,0.0,10.0,104.0,10.0,37.0,2.0,0.0,0.0,0.0,22.0,85.0,4.0,1.0,19.0,0.0,0.0,0.0,0.0,2.0,6.0,22.0,140.0,28.0,0.0,0.0,2.0,15.0,5.0,31.0,78.0,3.0,0.0,0.0,48.0,140.0,13.0,13.0,1.0,0.0,0.0,0.0,1.0,4.0,0.0,2.0,29.0,4.0,0.0,0.0,0.0,0.0,0.0,7.0,140.0,37.0,0.0,0.0,13.0,37.0,4.0,6.0,13.0,1.0,0.0,0.0,50.0,99.0,3.0,2.0]"
"[45.0,28.0,5.0,3.0,0.0,0.0,0.0,6.0,42.0,28.0,45.0,37.0,17.0,28.0,32.0,13.0,0.0,0.0,52.0,52.0,24.0,16.0,11.0,4.0,0.0,1.0,23.0,17.0,10.0,1.0,0.0,0.0,96.0,52.0,5.0,0.0,0.0,0.0,0.0,24.0,114.0,114.0,76.0,67.0,7.0,0.0,0.0,22.0,2.0,10.0,114.0,114.0,38.0,11.0,0.0,8.0,0.0,1.0,51.0,71.0,46.0,28.0,3.0,0.0,114.0,35.0,34.0,4.0,0.0,0.0,3.0,54.0,114.0,40.0,12.0,6.0,9.0,38.0,109.0,97.0,4.0,0.0,2.0,47.0,114.0,114.0,72.0,63.0,2.0,1.0,1.0,5.0,63.0,108.0,14.0,0.0,14.0,12.0,32.0,33.0,12.0,4.0,5.0,23.0,7.0,1.0,0.0,51.0,32.0,47.0,114.0,38.0,1.0,0.0,0.0,1.0,12.0,58.0,114.0,44.0,16.0,8.0,1.0,1.0,7.0,18.0,8.0,8.0]"
"[44.0,11.0,0.0,0.0,6.0,8.0,18.0,55.0,39.0,59.0,8.0,0.0,0.0,54.0,116.0,40.0,45.0,8.0,0.0,0.0,0.0,33.0,124.0,46.0,49.0,23.0,6.0,0.0,0.0,0.0,16.0,24.0,9.0,0.0,15.0,57.0,23.0,10.0,34.0,33.0,24.0,3.0,13.0,22.0,0.0,51.0,124.0,42.0,124.0,4.0,0.0,0.0,0.0,13.0,59.0,79.0,124.0,11.0,4.0,0.0,0.0,0.0,1.0,55.0,12.0,20.0,72.0,75.0,4.0,0.0,8.0,24.0,6.0,24.0,99.0,124.0,4.0,1.0,2.0,5.0,124.0,124.0,89.0,5.0,0.0,0.0,0.0,19.0,124.0,77.0,8.0,1.0,0.0,0.0,2.0,37.0,31.0,9.0,1.0,6.0,2.0,2.0,23.0,45.0,19.0,59.0,51.0,28.0,4.0,6.0,21.0,49.0,55.0,111.0,58.0,0.0,0.0,3.0,5.0,19.0,17.0,37.0,9.0,1.0,0.0,0.0,1.0,5.0]"
"[38.0,17.0,6.0,0.0,0.0,0.0,0.0,1.0,54.0,31.0,64.0,48.0,0.0,0.0,0.0,4.0,117.0,38.0,46.0,47.0,0.0,0.0,0.0,15.0,19.0,5.0,38.0,117.0,0.0,0.0,0.0,4.0,63.0,41.0,51.0,1.0,0.0,0.0,0.0,2.0,117.0,46.0,58.0,61.0,0.0,0.0,0.0,45.0,117.0,31.0,70.0,109.0,0.0,0.0,0.0,40.0,97.0,8.0,29.0,117.0,0.0,0.0,0.0,43.0,107.0,37.0,39.0,0.0,0.0,0.0,7.0,36.0,69.0,69.0,51.0,4.0,0.0,1.0,22.0,57.0,59.0,16.0,23.0,51.0,3.0,8.0,46.0,43.0,65.0,6.0,3.0,15.0,1.0,2.0,25.0,73.0,24.0,0.0,0.0,0.0,0.0,1.0,44.0,69.0,4.0,1.0,0.0,0.0,0.0,7.0,117.0,105.0,0.0,0.0,0.0,0.0,0.0,18.0,117.0,33.0,1.0,0.0,0.0,0.0,0.0,5.0,112.0,77.0]"
"[0.0,2.0,2.0,0.0,0.0,0.0,0.0,0.0,45.0,6.0,1.0,0.0,0.0,0.0,0.0,7.0,160.0,1.0,0.0,8.0,4.0,0.0,0.0,75.0,30.0,0.0,0.0,110.0,47.0,0.0,0.0,7.0,0.0,5.0,21.0,0.0,0.0,0.0,0.0,0.0,28.0,14.0,21.0,0.0,0.0,0.0,0.0,2.0,160.0,10.0,2.0,0.0,0.0,0.0,0.0,57.0,93.0,0.0,1.0,65.0,31.0,0.0,0.0,13.0,0.0,4.0,160.0,5.0,0.0,0.0,0.0,0.0,4.0,18.0,160.0,14.0,0.0,0.0,0.0,0.0,160.0,128.0,160.0,4.0,0.0,0.0,0.0,8.0,84.0,17.0,3.0,10.0,4.0,0.0,0.0,9.0,0.0,0.0,101.0,3.0,0.0,0.0,0.0,0.0,0.0,5.0,142.0,6.0,0.0,0.0,0.0,2.0,2.0,22.0,91.0,8.0,2.0,1.0,1.0,0.0,3.0,8.0,5.0,0.0,0.0,0.0,1.0,1.0]"
"[38.0,26.0,0.0,0.0,0.0,0.0,4.0,27.0,50.0,23.0,36.0,25.0,1.0,0.0,0.0,27.0,4.0,6.0,33.0,50.0,11.0,0.0,1.0,2.0,7.0,23.0,39.0,5.0,1.0,0.0,0.0,2.0,60.0,1.0,0.0,0.0,0.0,0.0,10.0,37.0,138.0,41.0,27.0,32.0,0.0,0.0,0.0,46.0,40.0,26.0,54.0,138.0,18.0,0.0,1.0,5.0,69.0,29.0,31.0,49.0,5.0,1.0,3.0,22.0,50.0,21.0,22.0,0.0,0.0,0.0,0.0,3.0,138.0,16.0,3.0,3.0,0.0,0.0,35.0,138.0,48.0,7.0,11.0,86.0,46.0,101.0,115.0,70.0,10.0,2.0,8.0,25.0,26.0,138.0,83.0,30.0,6.0,6.0,13.0,1.0,4.0,17.0,17.0,6.0,19.0,22.0,13.0,0.0,2.0,21.0,118.0,60.0,1.0,22.0,92.0,0.0,0.0,76.0,138.0,30.0,0.0,6.0,63.0,3.0,0.0,83.0,55.0,0.0]"
"[36.0,12.0,0.0,0.0,0.0,0.0,0.0,5.0,77.0,69.0,23.0,0.0,0.0,0.0,0.0,4.0,3.0,38.0,83.0,0.0,0.0,0.0,0.0,0.0,0.0,6.0,68.0,6.0,0.0,0.0,0.0,0.0,98.0,59.0,0.0,0.0,0.0,0.0,0.0,4.0,134.0,134.0,93.0,0.0,0.0,0.0,2.0,55.0,3.0,50.0,134.0,0.0,0.0,0.0,7.0,21.0,0.0,23.0,134.0,1.0,0.0,0.0,2.0,2.0,121.0,8.0,0.0,0.0,0.0,0.0,0.0,18.0,134.0,11.0,2.0,0.0,0.0,0.0,24.0,134.0,4.0,9.0,19.0,0.0,0.0,0.0,134.0,134.0,0.0,5.0,22.0,0.0,0.0,0.0,104.0,79.0,61.0,0.0,0.0,0.0,0.0,0.0,0.0,8.0,104.0,0.0,0.0,0.0,0.0,0.0,6.0,41.0,3.0,0.0,0.0,0.0,0.0,0.0,60.0,41.0,5.0,1.0,0.0,0.0,0.0,0.0,56.0,52.0]"
"[148.0,1.0,0.0,0.0,0.0,0.0,0.0,14.0,92.0,0.0,0.0,0.0,0.0,0.0,1.0,12.0,0.0,0.0,1.0,21.0,6.0,3.0,7.0,2.0,1.0,0.0,0.0,75.0,21.0,1.0,2.0,2.0,148.0,4.0,0.0,0.0,0.0,0.0,0.0,32.0,119.0,0.0,0.0,0.0,0.0,2.0,17.0,35.0,0.0,0.0,0.0,1.0,4.0,21.0,59.0,3.0,0.0,0.0,0.0,25.0,26.0,29.0,60.0,1.0,148.0,8.0,0.0,0.0,0.0,1.0,22.0,83.0,69.0,0.0,0.0,0.0,0.0,87.0,148.0,62.0,0.0,1.0,1.0,0.0,0.0,116.0,148.0,2.0,0.0,0.0,5.0,1.0,1.0,52.0,148.0,4.0,44.0,23.0,8.0,0.0,0.0,0.0,18.0,23.0,5.0,33.0,52.0,4.0,0.0,19.0,91.0,15.0,1.0,77.0,96.0,0.0,0.0,9.0,40.0,2.0,0.0,23.0,110.0,3.0,0.0,4.0,15.0,0.0]"
"[115.0,13.0,0.0,0.0,0.0,0.0,0.0,14.0,126.0,23.0,7.0,6.0,0.0,0.0,1.0,23.0,39.0,16.0,2.0,15.0,14.0,1.0,1.0,18.0,0.0,1.0,1.0,70.0,61.0,5.0,0.0,1.0,126.0,89.0,0.0,0.0,0.0,0.0,0.0,4.0,126.0,48.0,5.0,14.0,10.0,3.0,5.0,54.0,23.0,0.0,1.0,17.0,18.0,48.0,14.0,39.0,0.0,0.0,0.0,13.0,30.0,126.0,35.0,3.0,87.0,59.0,0.0,0.0,5.0,5.0,11.0,47.0,44.0,17.0,0.0,0.0,14.0,16.0,126.0,126.0,0.0,0.0,0.0,0.0,15.0,126.0,126.0,61.0,0.0,0.0,0.0,0.0,42.0,126.0,22.0,0.0,8.0,0.0,0.0,0.0,7.0,6.0,23.0,80.0,0.0,0.0,1.0,2.0,58.0,27.0,85.0,48.0,2.0,0.0,3.0,6.0,10.0,20.0,125.0,89.0,2.0,0.0,0.0,4.0,29.0,33.0,13.0,15.0]"
"[3.0,0.0,0.0,0.0,1.0,7.0,18.0,8.0,12.0,2.0,0.0,0.0,0.0,0.0,5.0,16.0,2.0,1.0,0.0,0.0,4.0,1.0,0.0,0.0,3.0,4.0,3.0,6.0,1.0,0.0,0.0,0.0,44.0,0.0,0.0,0.0,13.0,131.0,101.0,74.0,131.0,4.0,0.0,0.0,0.0,2.0,24.0,86.0,6.0,0.0,0.0,0.0,2.0,14.0,15.0,8.0,12.0,5.0,1.0,0.0,0.0,1.0,15.0,14.0,131.0,26.0,3.0,1.0,13.0,119.0,20.0,34.0,131.0,29.0,0.0,0.0,10.0,53.0,22.0,45.0,1.0,0.0,0.0,0.0,19.0,131.0,131.0,36.0,19.0,0.0,0.0,0.0,0.0,24.0,131.0,87.0,67.0,26.0,40.0,15.0,8.0,6.0,11.0,29.0,67.0,18.0,3.0,8.0,21.0,82.0,104.0,91.0,0.0,3.0,5.0,45.0,53.0,131.0,68.0,12.0,50.0,2.0,0.0,4.0,0.0,9.0,89.0,41.0]"
"[82.0,24.0,0.0,3.0,2.0,2.0,3.0,10.0,47.0,5.0,2.0,1.0,1.0,20.0,122.0,32.0,1.0,4.0,11.0,3.0,1.0,5.0,126.0,35.0,3.0,1.0,1.0,0.0,2.0,9.0,31.0,23.0,50.0,27.0,0.0,6.0,42.0,46.0,37.0,33.0,4.0,1.0,0.0,0.0,85.0,126.0,126.0,26.0,64.0,1.0,0.0,0.0,0.0,6.0,126.0,126.0,126.0,9.0,0.0,0.0,0.0,0.0,23.0,67.0,3.0,0.0,0.0,0.0,8.0,44.0,126.0,44.0,18.0,0.0,0.0,0.0,53.0,111.0,38.0,17.0,126.0,9.0,0.0,0.0,0.0,3.0,2.0,53.0,126.0,10.0,0.0,0.0,0.0,0.0,0.0,17.0,0.0,0.0,0.0,0.0,0.0,6.0,16.0,0.0,8.0,0.0,0.0,0.0,11.0,13.0,4.0,5.0,126.0,1.0,0.0,0.0,0.0,0.0,0.0,50.0,126.0,12.0,0.0,0.0,0.0,0.0,0.0,13.0]"
"[3.0,0.0,0.0,0.0,0.0,0.0,127.0,64.0,32.0,2.0,2.0,0.0,0.0,0.0,23.0,68.0,1.0,1.0,6.0,4.0,0.0,0.0,0.0,0.0,0.0,0.0,1.0,8.0,0.0,0.0,0.0,0.0,68.0,9.0,20.0,4.0,0.0,0.0,83.0,75.0,140.0,9.0,1.0,0.0,0.0,0.0,12.0,97.0,13.0,1.0,2.0,3.0,1.0,1.0,1.0,0.0,0.0,0.0,0.0,4.0,3.0,2.0,3.0,0.0,78.0,46.0,97.0,82.0,8.0,1.0,10.0,10.0,140.0,51.0,9.0,13.0,2.0,13.0,7.0,14.0,13.0,0.0,0.0,0.0,0.0,120.0,91.0,2.0,5.0,0.0,0.0,0.0,0.0,43.0,140.0,36.0,22.0,3.0,5.0,18.0,36.0,27.0,43.0,31.0,72.0,2.0,1.0,4.0,4.0,96.0,114.0,103.0,0.0,0.0,0.0,0.0,0.0,140.0,126.0,3.0,30.0,1.0,0.0,0.0,0.0,33.0,96.0,41.0]"
"[88.0,3.0,0.0,0.0,0.0,0.0,1.0,130.0,82.0,6.0,0.0,0.0,0.0,78.0,28.0,33.0,13.0,1.0,0.0,0.0,0.0,130.0,105.0,45.0,39.0,0.0,0.0,0.0,0.0,2.0,17.0,53.0,130.0,10.0,0.0,0.0,0.0,24.0,28.0,42.0,75.0,4.0,0.0,0.0,0.0,130.0,112.0,20.0,115.0,0.0,0.0,0.0,0.0,119.0,71.0,84.0,130.0,0.0,0.0,0.0,0.0,39.0,7.0,66.0,55.0,22.0,6.0,1.0,5.0,26.0,35.0,20.0,2.0,0.0,0.0,0.0,0.0,70.0,48.0,6.0,130.0,3.0,0.0,0.0,0.0,2.0,9.0,28.0,130.0,3.0,0.0,0.0,0.0,86.0,38.0,39.0,0.0,11.0,5.0,1.0,9.0,29.0,4.0,0.0,2.0,5.0,0.0,0.0,1.0,8.0,11.0,1.0,61.0,45.0,0.0,0.0,0.0,1.0,6.0,9.0,29.0,11.0,0.0,0.0,0.0,6.0,10.0,14.0]"
"[21.0,20.0,7.0,2.0,1.0,0.0,0.0,1.0,5.0,49.0,110.0,10.0,5.0,1.0,0.0,0.0,0.0,95.0,108.0,44.0,10.0,0.0,0.0,0.0,0.0,1.0,62.0,46.0,7.0,0.0,0.0,0.0,124.0,35.0,4.0,0.0,4.0,1.0,0.0,13.0,124.0,124.0,124.0,1.0,0.0,0.0,0.0,14.0,4.0,110.0,124.0,76.0,9.0,0.0,0.0,0.0,0.0,3.0,124.0,124.0,4.0,0.0,0.0,0.0,124.0,48.0,0.0,0.0,2.0,0.0,0.0,17.0,124.0,49.0,0.0,0.0,0.0,0.0,0.0,60.0,50.0,51.0,23.0,3.0,0.0,2.0,3.0,18.0,1.0,4.0,24.0,50.0,16.0,10.0,2.0,0.0,31.0,44.0,0.0,0.0,0.0,0.0,14.0,15.0,85.0,9.0,0.0,0.0,0.0,0.0,15.0,124.0,37.0,0.0,0.0,0.0,0.0,5.0,29.0,96.0,0.0,0.0,0.0,0.0,3.0,12.0,19.0,5.0]"
"[121.0,5.0,7.0,2.0,14.0,9.0,3.0,25.0,15.0,13.0,121.0,77.0,28.0,13.0,7.0,19.0,9.0,7.0,105.0,121.0,1.0,0.0,0.0,1.0,14.0,2.0,3.0,24.0,14.0,16.0,5.0,11.0,121.0,13.0,1.0,0.0,4.0,27.0,35.0,34.0,98.0,14.0,27.0,14.0,0.0,15.0,53.0,121.0,11.0,3.0,27.0,121.0,54.0,86.0,42.0,55.0,12.0,2.0,1.0,57.0,111.0,57.0,6.0,0.0,65.0,25.0,0.0,0.0,4.0,23.0,24.0,24.0,44.0,37.0,18.0,7.0,35.0,41.0,71.0,90.0,5.0,0.0,0.0,0.0,23.0,121.0,121.0,50.0,19.0,3.0,0.0,0.0,21.0,64.0,32.0,11.0,64.0,28.0,0.0,0.0,6.0,21.0,5.0,8.0,47.0,29.0,4.0,13.0,108.0,93.0,4.0,10.0,10.0,0.0,0.0,0.0,38.0,32.0,14.0,12.0,20.0,1.0,0.0,0.0,2.0,3.0,1.0,17.0]"
"[133.0,0.0,0.0,0.0,0.0,0.0,0.0,47.0,144.0,7.0,0.0,0.0,0.0,0.0,0.0,35.0,12.0,6.0,0.0,0.0,0.0,0.0,0.0,1.0,3.0,6.0,0.0,0.0,0.0,0.0,0.0,0.0,144.0,2.0,0.0,0.0,0.0,0.0,3.0,76.0,144.0,9.0,0.0,0.0,0.0,0.0,4.0,81.0,11.0,13.0,0.0,0.0,0.0,1.0,29.0,7.0,4.0,18.0,0.0,0.0,0.0,26.0,36.0,2.0,144.0,30.0,0.0,0.0,0.0,1.0,10.0,27.0,144.0,35.0,0.0,0.0,0.0,70.0,143.0,59.0,2.0,1.0,0.0,0.0,0.0,102.0,144.0,10.0,1.0,3.0,0.0,0.0,0.0,97.0,144.0,4.0,70.0,21.0,0.0,0.0,0.0,2.0,10.0,17.0,23.0,5.0,0.0,0.0,0.0,72.0,79.0,18.0,0.0,13.0,3.0,0.0,0.0,54.0,58.0,0.0,3.0,15.0,1.0,0.0,0.0,5.0,25.0,1.0]"
"[5.0,18.0,10.0,17.0,55.0,17.0,47.0,33.0,25.0,68.0,33.0,75.0,12.0,51.0,39.0,32.0,14.0,5.0,29.0,127.0,13.0,21.0,12.0,98.0,75.0,9.0,7.0,3.0,0.0,0.0,0.0,127.0,127.0,82.0,18.0,6.0,17.0,6.0,22.0,30.0,79.0,127.0,71.0,57.0,0.0,0.0,0.0,0.0,3.0,13.0,127.0,127.0,1.0,0.0,0.0,2.0,81.0,74.0,127.0,30.0,0.0,0.0,0.0,25.0,127.0,71.0,0.0,2.0,3.0,2.0,0.0,56.0,125.0,32.0,2.0,0.0,0.0,0.0,0.0,19.0,2.0,0.0,28.0,16.0,0.0,0.0,1.0,3.0,2.0,10.0,43.0,5.0,0.0,0.0,0.0,1.0,97.0,49.0,38.0,7.0,0.0,0.0,0.0,41.0,81.0,20.0,3.0,0.0,0.0,0.0,1.0,30.0,0.0,0.0,0.0,0.0,0.0,0.0,5.0,10.0,0.0,0.0,0.0,0.0,0.0,0.0,1.0,3.0]"
"[0.0,71.0,19.0,13.0,52.0,1.0,0.0,0.0,2.0,121.0,74.0,4.0,1.0,0.0,0.0,0.0,0.0,51.0,80.0,121.0,59.0,0.0,0.0,0.0,52.0,11.0,7.0,52.0,22.0,0.0,0.0,4.0,41.0,95.0,15.0,23.0,39.0,3.0,4.0,37.0,80.0,110.0,10.0,1.0,2.0,3.0,5.0,43.0,3.0,7.0,10.0,107.0,50.0,11.0,12.0,2.0,14.0,17.0,104.0,107.0,12.0,1.0,0.0,3.0,51.0,0.0,0.0,39.0,49.0,14.0,7.0,39.0,109.0,0.0,0.0,0.0,0.0,74.0,92.0,78.0,99.0,6.0,4.0,2.0,2.0,53.0,91.0,46.0,21.0,7.0,35.0,7.0,34.0,69.0,0.0,1.0,11.0,0.0,0.0,4.0,64.0,26.0,12.0,15.0,52.0,0.0,0.0,0.0,0.0,115.0,57.0,28.0,121.0,3.0,0.0,0.0,4.0,21.0,17.0,22.0,19.0,0.0,0.0,0.0,64.0,91.0,0.0,2.0]"
"[9.0,12.0,9.0,9.0,66.0,14.0,20.0,13.0,112.0,73.0,27.0,49.0,49.0,9.0,9.0,13.0,103.0,33.0,2.0,0.0,0.0,0.0,5.0,12.0,2.0,0.0,0.0,0.0,0.0,1.0,3.0,6.0,18.0,25.0,10.0,7.0,38.0,66.0,54.0,42.0,62.0,62.0,46.0,11.0,0.0,5.0,29.0,105.0,21.0,14.0,4.0,0.0,0.0,1.0,28.0,29.0,0.0,0.0,0.0,0.0,1.0,7.0,18.0,17.0,36.0,3.0,0.0,1.0,41.0,126.0,42.0,54.0,126.0,12.0,0.0,0.0,10.0,51.0,31.0,126.0,12.0,0.0,0.0,0.0,12.0,80.0,126.0,46.0,0.0,0.0,0.0,0.0,10.0,79.0,95.0,78.0,54.0,12.0,0.0,1.0,55.0,26.0,1.0,4.0,126.0,46.0,0.0,0.0,32.0,99.0,37.0,22.0,4.0,0.0,0.0,0.0,46.0,123.0,83.0,21.0,7.0,0.0,0.0,0.0,7.0,71.0,56.0,77.0]"
"[64.0,25.0,8.0,0.0,2.0,2.0,11.0,17.0,82.0,46.0,76.0,71.0,25.0,5.0,3.0,11.0,11.0,14.0,38.0,78.0,18.0,9.0,46.0,23.0,3.0,13.0,18.0,19.0,4.0,10.0,44.0,4.0,104.0,11.0,10.0,14.0,1.0,0.0,4.0,23.0,131.0,23.0,17.0,64.0,12.0,0.0,0.0,36.0,6.0,26.0,74.0,131.0,45.0,9.0,0.0,0.0,7.0,24.0,35.0,32.0,100.0,38.0,2.0,10.0,94.0,4.0,4.0,27.0,30.0,31.0,6.0,20.0,131.0,25.0,1.0,5.0,9.0,37.0,49.0,95.0,6.0,3.0,5.0,24.0,67.0,131.0,79.0,5.0,1.0,15.0,10.0,5.0,78.0,129.0,39.0,2.0,27.0,9.0,0.0,0.0,2.0,17.0,23.0,20.0,41.0,38.0,17.0,6.0,4.0,39.0,97.0,78.0,3.0,15.0,25.0,5.0,8.0,109.0,91.0,6.0,9.0,39.0,22.0,1.0,2.0,35.0,24.0,6.0]"
"[31.0,31.0,41.0,12.0,1.0,1.0,2.0,11.0,21.0,30.0,70.0,75.0,7.0,0.0,5.0,7.0,114.0,40.0,6.0,4.0,0.0,0.0,0.0,57.0,92.0,15.0,1.0,0.0,0.0,0.0,0.0,25.0,63.0,15.0,5.0,5.0,0.0,1.0,14.0,72.0,114.0,39.0,95.0,107.0,7.0,1.0,21.0,76.0,106.0,114.0,114.0,42.0,0.0,0.0,1.0,12.0,71.0,46.0,1.0,0.0,0.0,1.0,16.0,6.0,71.0,6.0,7.0,4.0,1.0,0.0,0.0,31.0,114.0,67.0,8.0,3.0,4.0,12.0,55.0,91.0,13.0,19.0,36.0,5.0,5.0,34.0,114.0,82.0,3.0,4.0,2.0,0.0,0.0,3.0,95.0,51.0,7.0,30.0,75.0,23.0,0.0,0.0,0.0,10.0,21.0,5.0,51.0,63.0,16.0,5.0,74.0,93.0,43.0,7.0,8.0,5.0,2.0,20.0,70.0,84.0,15.0,10.0,34.0,9.0,0.0,0.0,29.0,48.0]"
"[58.0,116.0,8.0,0.0,0.0,0.0,7.0,8.0,68.0,124.0,1.0,0.0,0.0,9.0,124.0,38.0,19.0,14.0,1.0,0.0,0.0,70.0,124.0,39.0,60.0,0.0,0.0,0.0,3.0,20.0,54.0,46.0,18.0,43.0,12.0,0.0,2.0,3.0,9.0,7.0,5.0,1.0,0.0,0.0,19.0,124.0,99.0,9.0,124.0,3.0,0.0,0.0,2.0,98.0,110.0,44.0,124.0,4.0,0.0,0.0,3.0,29.0,29.0,67.0,0.0,8.0,19.0,6.0,30.0,41.0,0.0,0.0,1.0,1.0,1.0,1.0,69.0,120.0,0.0,0.0,124.0,5.0,1.0,0.0,4.0,12.0,0.0,44.0,124.0,0.0,0.0,0.0,0.0,6.0,18.0,101.0,0.0,0.0,1.0,1.0,13.0,88.0,5.0,0.0,0.0,0.0,0.0,0.0,18.0,41.0,5.0,0.0,38.0,0.0,0.0,0.0,0.0,0.0,7.0,29.0,54.0,0.0,0.0,0.0,0.0,1.0,17.0,63.0]"
"[49.0,25.0,23.0,15.0,0.0,0.0,0.0,0.0,97.0,37.0,24.0,122.0,25.0,0.0,0.0,1.0,41.0,3.0,0.0,77.0,28.0,1.0,0.0,39.0,28.0,6.0,3.0,7.0,8.0,1.0,0.0,10.0,98.0,52.0,68.0,55.0,0.0,0.0,0.0,2.0,122.0,31.0,29.0,122.0,51.0,0.0,0.0,4.0,12.0,34.0,28.0,122.0,85.0,0.0,0.0,8.0,20.0,48.0,39.0,19.0,12.0,4.0,0.0,8.0,122.0,43.0,34.0,51.0,0.0,0.0,0.0,20.0,105.0,16.0,30.0,110.0,23.0,0.0,3.0,50.0,9.0,20.0,74.0,122.0,31.0,2.0,2.0,34.0,0.0,31.0,43.0,48.0,79.0,21.0,0.0,0.0,70.0,11.0,4.0,4.0,1.0,0.0,2.0,42.0,10.0,0.0,1.0,51.0,71.0,10.0,31.0,65.0,0.0,0.0,5.0,19.0,45.0,32.0,54.0,122.0,0.0,0.0,0.0,6.0,52.0,78.0,8.0,1.0]"
"[47.0,3.0,0.0,0.0,0.0,0.0,2.0,18.0,23.0,37.0,26.0,17.0,13.0,5.0,7.0,16.0,25.0,30.0,121.0,38.0,1.0,0.0,0.0,8.0,99.0,16.0,17.0,13.0,0.0,0.0,0.0,46.0,71.0,11.0,0.0,0.0,0.0,1.0,2.0,32.0,121.0,121.0,27.0,0.0,0.0,0.0,4.0,27.0,4.0,94.0,121.0,82.0,13.0,1.0,16.0,11.0,21.0,1.0,13.0,121.0,56.0,3.0,7.0,89.0,107.0,10.0,0.0,0.0,0.0,3.0,1.0,13.0,121.0,34.0,0.0,0.0,0.0,0.0,121.0,105.0,2.0,6.0,1.0,9.0,6.0,4.0,121.0,72.0,2.0,0.0,0.0,39.0,121.0,69.0,86.0,22.0,32.0,7.0,0.0,0.0,0.0,0.0,1.0,7.0,18.0,1.0,0.0,0.0,0.0,2.0,69.0,27.0,0.0,0.0,0.0,0.0,0.0,3.0,116.0,27.0,0.0,0.0,0.0,0.0,12.0,38.0,58.0,3.0]"
"[3.0,0.0,0.0,0.0,0.0,0.0,0.0,3.0,38.0,1.0,0.0,0.0,0.0,0.0,0.0,9.0,169.0,2.0,0.0,0.0,0.0,0.0,0.0,28.0,61.0,0.0,0.0,2.0,0.0,0.0,0.0,7.0,2.0,12.0,26.0,0.0,0.0,0.0,0.0,0.0,36.0,17.0,43.0,0.0,0.0,0.0,0.0,2.0,169.0,14.0,9.0,0.0,0.0,0.0,0.0,53.0,94.0,2.0,0.0,3.0,1.0,0.0,2.0,33.0,0.0,28.0,169.0,4.0,0.0,0.0,4.0,5.0,3.0,23.0,169.0,27.0,0.0,0.0,0.0,0.0,127.0,85.0,169.0,5.0,0.0,0.0,1.0,37.0,70.0,28.0,15.0,0.0,0.0,0.0,3.0,63.0,0.0,1.0,54.0,2.0,0.0,0.0,84.0,108.0,0.0,1.0,96.0,12.0,0.0,0.0,59.0,91.0,1.0,15.0,109.0,3.0,0.0,0.0,12.0,18.0,7.0,18.0,24.0,2.0,0.0,0.0,1.0,0.0]"
"[19.0,28.0,93.0,19.0,2.0,3.0,0.0,0.0,122.0,105.0,17.0,0.0,2.0,95.0,52.0,4.0,53.0,15.0,2.0,0.0,1.0,96.0,85.0,95.0,46.0,1.0,0.0,0.0,0.0,0.0,2.0,43.0,9.0,13.0,79.0,11.0,18.0,126.0,38.0,22.0,13.0,13.0,12.0,0.0,4.0,126.0,126.0,23.0,126.0,2.0,0.0,0.0,0.0,41.0,33.0,105.0,126.0,4.0,0.0,0.0,0.0,3.0,33.0,51.0,11.0,0.0,0.0,0.0,14.0,126.0,36.0,30.0,30.0,6.0,0.0,0.0,1.0,25.0,12.0,25.0,126.0,28.0,0.0,0.0,0.0,3.0,21.0,49.0,70.0,4.0,1.0,0.0,0.0,35.0,126.0,42.0,3.0,0.0,0.0,2.0,5.0,4.0,7.0,4.0,44.0,10.0,0.0,0.0,0.0,0.0,0.0,13.0,52.0,44.0,9.0,0.0,0.0,1.0,3.0,7.0,2.0,13.0,16.0,0.0,0.0,5.0,8.0,1.0]"
"[3.0,20.0,2.0,29.0,81.0,0.0,0.0,0.0,12.0,127.0,107.0,41.0,18.0,0.0,0.0,0.0,9.0,80.0,127.0,25.0,2.0,0.0,0.0,0.0,60.0,54.0,27.0,5.0,11.0,2.0,0.0,1.0,52.0,37.0,2.0,36.0,56.0,0.0,0.0,8.0,127.0,127.0,48.0,105.0,55.0,3.0,9.0,105.0,15.0,68.0,88.0,78.0,87.0,15.0,6.0,16.0,33.0,39.0,20.0,13.0,72.0,15.0,0.0,0.0,18.0,4.0,0.0,23.0,36.0,23.0,14.0,22.0,127.0,6.0,0.0,10.0,65.0,33.0,24.0,127.0,51.0,5.0,7.0,4.0,78.0,24.0,18.0,51.0,11.0,10.0,9.0,4.0,37.0,9.0,1.0,6.0,3.0,0.0,0.0,0.0,9.0,35.0,47.0,25.0,127.0,17.0,0.0,0.0,35.0,48.0,5.0,25.0,55.0,1.0,1.0,0.0,32.0,23.0,2.0,50.0,3.0,1.0,1.0,2.0,7.0,1.0,2.0,6.0]"
"[18.0,47.0,27.0,7.0,12.0,0.0,0.0,0.0,50.0,49.0,42.0,49.0,0.0,0.0,0.0,4.0,34.0,31.0,7.0,114.0,50.0,0.0,0.0,2.0,68.0,26.0,4.0,47.0,28.0,0.0,0.0,1.0,15.0,34.0,36.0,33.0,39.0,2.0,0.0,13.0,118.0,53.0,50.0,42.0,27.0,0.0,0.0,53.0,18.0,34.0,37.0,95.0,85.0,7.0,8.0,0.0,102.0,5.0,2.0,83.0,104.0,0.0,0.0,42.0,23.0,11.0,4.0,7.0,42.0,43.0,42.0,18.0,118.0,64.0,1.0,12.0,68.0,36.0,22.0,49.0,35.0,8.0,1.0,18.0,118.0,73.0,29.0,27.0,69.0,0.0,0.0,17.0,118.0,24.0,3.0,62.0,6.0,0.0,0.0,0.0,0.0,13.0,75.0,34.0,39.0,3.0,0.0,0.0,2.0,35.0,118.0,93.0,0.0,0.0,0.0,0.0,15.0,75.0,118.0,34.0,11.0,0.0,0.0,2.0,71.0,31.0,23.0,29.0]"
"[3.0,3.0,0.0,0.0,12.0,38.0,3.0,0.0,8.0,50.0,56.0,5.0,10.0,9.0,2.0,0.0,4.0,23.0,76.0,28.0,3.0,2.0,0.0,0.0,0.0,2.0,39.0,17.0,4.0,3.0,0.0,0.0,56.0,10.0,0.0,0.0,9.0,32.0,2.0,3.0,134.0,134.0,90.0,1.0,0.0,0.0,0.0,5.0,12.0,32.0,134.0,100.0,0.0,0.0,0.0,3.0,0.0,24.0,134.0,49.0,0.0,1.0,1.0,0.0,90.0,4.0,0.0,1.0,13.0,3.0,0.0,6.0,134.0,22.0,2.0,0.0,0.0,0.0,4.0,120.0,40.0,8.0,36.0,20.0,2.0,11.0,17.0,108.0,0.0,6.0,53.0,13.0,9.0,120.0,35.0,0.0,32.0,5.0,4.0,3.0,3.0,0.0,0.0,5.0,60.0,2.0,0.0,0.0,0.0,1.0,27.0,131.0,17.0,0.0,0.0,0.0,1.0,27.0,93.0,128.0,0.0,0.0,0.0,0.0,30.0,134.0,37.0,1.0]"
"[43.0,0.0,0.0,0.0,2.0,21.0,23.0,47.0,48.0,7.0,4.0,32.0,10.0,19.0,18.0,52.0,14.0,13.0,41.0,66.0,7.0,0.0,1.0,17.0,72.0,3.0,9.0,15.0,4.0,1.0,10.0,85.0,56.0,5.0,0.0,2.0,5.0,2.0,14.0,61.0,121.0,121.0,28.0,10.0,1.0,2.0,5.0,21.0,9.0,50.0,121.0,60.0,6.0,0.0,0.0,0.0,7.0,2.0,49.0,87.0,18.0,9.0,15.0,22.0,97.0,17.0,1.0,14.0,9.0,0.0,1.0,32.0,121.0,101.0,9.0,6.0,0.0,0.0,104.0,120.0,6.0,14.0,63.0,22.0,18.0,109.0,121.0,47.0,1.0,0.0,8.0,19.0,29.0,111.0,43.0,30.0,18.0,4.0,11.0,31.0,15.0,0.0,2.0,12.0,15.0,3.0,13.0,11.0,0.0,2.0,121.0,66.0,0.0,0.0,7.0,6.0,0.0,43.0,121.0,32.0,0.0,0.0,1.0,1.0,0.0,22.0,74.0,36.0]"
"[0.0,0.0,0.0,2.0,12.0,0.0,0.0,0.0,5.0,2.0,0.0,0.0,3.0,1.0,1.0,1.0,5.0,0.0,0.0,0.0,0.0,1.0,0.0,2.0,3.0,0.0,0.0,0.0,0.0,0.0,0.0,1.0,0.0,0.0,0.0,4.0,37.0,24.0,1.0,0.0,39.0,0.0,0.0,0.0,16.0,62.0,44.0,54.0,15.0,0.0,0.0,0.0,1.0,5.0,3.0,15.0,6.0,0.0,0.0,0.0,0.0,1.0,0.0,7.0,0.0,0.0,0.0,0.0,133.0,115.0,11.0,2.0,133.0,3.0,0.0,0.0,120.0,133.0,18.0,133.0,63.0,0.0,0.0,0.0,1.0,33.0,70.0,37.0,20.0,0.0,0.0,0.0,8.0,25.0,26.0,28.0,6.0,0.0,0.0,0.0,133.0,85.0,27.0,48.0,133.0,36.0,0.0,0.0,127.0,122.0,15.0,21.0,63.0,0.0,0.0,0.0,16.0,120.0,133.0,72.0,87.0,0.0,0.0,0.0,34.0,33.0,40.0,42.0]"
"[96.0,16.0,6.0,3.0,1.0,0.0,0.0,16.0,131.0,64.0,0.0,0.0,9.0,131.0,41.0,47.0,52.0,6.0,2.0,11.0,17.0,131.0,113.0,90.0,67.0,13.0,40.0,61.0,6.0,5.0,8.0,41.0,40.0,15.0,12.0,8.0,13.0,10.0,11.0,15.0,61.0,6.0,0.0,0.0,7.0,131.0,111.0,48.0,131.0,6.0,0.0,0.0,4.0,90.0,20.0,64.0,131.0,7.0,6.0,6.0,4.0,131.0,83.0,76.0,1.0,28.0,14.0,9.0,44.0,24.0,4.0,0.0,0.0,11.0,2.0,1.0,17.0,22.0,9.0,0.0,63.0,18.0,2.0,0.0,0.0,8.0,18.0,30.0,35.0,11.0,4.0,1.0,24.0,91.0,63.0,34.0,0.0,16.0,10.0,17.0,89.0,14.0,0.0,0.0,0.0,4.0,2.0,4.0,18.0,9.0,0.0,0.0,23.0,12.0,4.0,1.0,3.0,15.0,13.0,4.0,7.0,4.0,0.0,0.0,11.0,41.0,14.0,1.0]"
"[44.0,21.0,0.0,0.0,0.0,0.0,0.0,0.0,135.0,134.0,0.0,0.0,0.0,135.0,34.0,19.0,135.0,12.0,0.0,0.0,4.0,135.0,59.0,103.0,40.0,0.0,0.0,0.0,36.0,135.0,7.0,12.0,75.0,32.0,0.0,0.0,0.0,6.0,4.0,4.0,86.0,31.0,0.0,0.0,9.0,135.0,38.0,31.0,135.0,0.0,0.0,0.0,6.0,135.0,66.0,110.0,15.0,0.0,0.0,0.0,16.0,135.0,37.0,21.0,28.0,13.0,0.0,0.0,0.0,31.0,10.0,2.0,21.0,1.0,0.0,0.0,7.0,84.0,11.0,5.0,58.0,0.0,0.0,0.0,1.0,38.0,34.0,30.0,16.0,0.0,0.0,0.0,0.0,22.0,14.0,20.0,1.0,1.0,0.0,0.0,3.0,24.0,1.0,0.0,6.0,0.0,0.0,0.0,1.0,14.0,1.0,2.0,8.0,0.0,0.0,0.0,0.0,8.0,13.0,6.0,17.0,0.0,0.0,0.0,0.0,2.0,3.0,14.0]"
"[96.0,119.0,0.0,0.0,0.0,5.0,2.0,1.0,40.0,88.0,0.0,0.0,0.0,79.0,66.0,4.0,5.0,0.0,0.0,0.0,0.0,33.0,119.0,49.0,15.0,0.0,0.0,0.0,0.0,0.0,12.0,45.0,119.0,85.0,0.0,0.0,0.0,109.0,50.0,13.0,8.0,6.0,0.0,0.0,0.0,119.0,119.0,5.0,70.0,0.0,0.0,0.0,0.0,27.0,118.0,119.0,94.0,0.0,0.0,0.0,0.0,0.0,8.0,119.0,22.0,4.0,0.0,0.0,0.0,104.0,62.0,13.0,3.0,0.0,0.0,0.0,0.0,48.0,32.0,11.0,70.0,0.0,0.0,0.0,0.0,0.0,8.0,78.0,119.0,0.0,0.0,0.0,0.0,0.0,5.0,119.0,2.0,0.0,0.0,0.0,0.0,4.0,6.0,3.0,8.0,0.0,0.0,0.0,0.0,0.0,0.0,5.0,22.0,0.0,0.0,0.0,0.0,0.0,0.0,22.0,119.0,0.0,0.0,0.0,0.0,0.0,0.0,29.0]"
"[2.0,5.0,14.0,3.0,0.0,0.0,0.0,0.0,19.0,32.0,31.0,0.0,0.0,0.0,0.0,2.0,134.0,50.0,12.0,0.0,0.0,0.0,0.0,49.0,98.0,2.0,0.0,0.0,0.0,0.0,0.0,25.0,14.0,22.0,100.0,31.0,0.0,0.0,0.0,1.0,39.0,42.0,70.0,27.0,1.0,3.0,7.0,26.0,134.0,106.0,23.0,0.0,0.0,1.0,3.0,81.0,117.0,27.0,0.0,1.0,0.0,0.0,0.0,10.0,0.0,104.0,134.0,50.0,0.0,0.0,0.0,0.0,3.0,5.0,134.0,134.0,1.0,2.0,3.0,9.0,134.0,79.0,134.0,43.0,0.0,0.0,1.0,53.0,113.0,27.0,5.0,4.0,0.0,0.0,0.0,8.0,0.0,22.0,21.0,10.0,0.0,0.0,0.0,0.0,0.0,1.0,66.0,49.0,0.0,0.0,0.0,0.0,8.0,29.0,117.0,22.0,0.0,0.0,0.0,0.0,15.0,21.0,9.0,0.0,0.0,0.0,0.0,0.0]"
"[1.0,23.0,29.0,4.0,0.0,0.0,0.0,0.0,5.0,53.0,116.0,3.0,0.0,0.0,1.0,7.0,19.0,9.0,87.0,37.0,2.0,1.0,24.0,52.0,12.0,0.0,1.0,7.0,3.0,14.0,53.0,23.0,83.0,73.0,11.0,0.0,0.0,0.0,0.0,4.0,92.0,116.0,116.0,9.0,0.0,0.0,0.0,16.0,2.0,11.0,116.0,116.0,93.0,1.0,0.0,2.0,22.0,2.0,1.0,54.0,89.0,1.0,1.0,10.0,116.0,12.0,0.0,0.0,2.0,0.0,2.0,22.0,116.0,6.0,0.0,0.0,0.0,0.0,46.0,116.0,3.0,1.0,0.0,20.0,116.0,116.0,60.0,36.0,19.0,2.0,0.0,8.0,116.0,44.0,0.0,5.0,20.0,3.0,0.0,0.0,1.0,1.0,27.0,20.0,9.0,2.0,0.0,0.0,2.0,10.0,116.0,48.0,5.0,14.0,8.0,2.0,10.0,83.0,116.0,12.0,4.0,7.0,11.0,3.0,12.0,23.0,1.0,0.0]"
"[5.0,0.0,0.0,2.0,22.0,1.0,0.0,11.0,1.0,6.0,2.0,2.0,14.0,2.0,0.0,0.0,4.0,3.0,1.0,3.0,106.0,71.0,2.0,0.0,85.0,8.0,0.0,0.0,34.0,56.0,7.0,5.0,103.0,0.0,0.0,1.0,18.0,8.0,1.0,48.0,1.0,2.0,0.0,2.0,18.0,18.0,7.0,0.0,12.0,3.0,6.0,9.0,131.0,120.0,3.0,0.0,80.0,8.0,6.0,6.0,41.0,53.0,23.0,21.0,131.0,1.0,0.0,0.0,3.0,44.0,128.0,39.0,0.0,0.0,0.0,0.0,9.0,82.0,131.0,11.0,1.0,1.0,3.0,13.0,102.0,131.0,56.0,5.0,3.0,5.0,5.0,13.0,56.0,40.0,9.0,3.0,17.0,0.0,0.0,0.0,0.0,33.0,131.0,34.0,1.0,0.0,0.0,0.0,0.0,15.0,131.0,74.0,47.0,5.0,0.0,0.0,2.0,38.0,131.0,75.0,45.0,14.0,1.0,18.0,59.0,3.0,2.0,11.0]"
"[113.0,12.0,2.0,0.0,0.0,0.0,0.0,37.0,59.0,28.0,54.0,40.0,0.0,0.0,0.0,7.0,8.0,21.0,36.0,18.0,0.0,0.0,0.0,4.0,2.0,5.0,15.0,4.0,0.0,0.0,0.0,3.0,129.0,22.0,10.0,5.0,0.0,0.0,0.0,29.0,129.0,20.0,22.0,89.0,9.0,0.0,0.0,28.0,5.0,2.0,15.0,129.0,17.0,0.0,1.0,8.0,5.0,1.0,16.0,11.0,0.0,0.0,1.0,14.0,81.0,76.0,129.0,81.0,3.0,0.0,0.0,0.0,129.0,47.0,17.0,14.0,8.0,59.0,63.0,26.0,1.0,0.0,12.0,87.0,13.0,39.0,129.0,63.0,0.0,0.0,20.0,48.0,4.0,1.0,12.0,26.0,0.0,2.0,43.0,35.0,35.0,56.0,0.0,0.0,1.0,3.0,8.0,4.0,36.0,129.0,26.0,2.0,10.0,10.0,15.0,2.0,3.0,94.0,107.0,101.0,37.0,4.0,5.0,7.0,2.0,0.0,17.0,122.0]"
"[42.0,8.0,0.0,0.0,22.0,56.0,10.0,15.0,133.0,44.0,6.0,1.0,0.0,3.0,3.0,40.0,42.0,18.0,48.0,7.0,0.0,6.0,16.0,6.0,0.0,8.0,34.0,4.0,0.0,3.0,32.0,16.0,97.0,14.0,1.0,1.0,16.0,26.0,4.0,11.0,133.0,43.0,0.0,0.0,5.0,8.0,0.0,16.0,18.0,8.0,0.0,0.0,40.0,128.0,46.0,3.0,0.0,0.0,0.0,0.0,4.0,75.0,133.0,16.0,59.0,0.0,0.0,0.0,2.0,5.0,22.0,61.0,133.0,0.0,0.0,0.0,8.0,14.0,70.0,133.0,5.0,0.0,0.0,0.0,122.0,133.0,92.0,24.0,3.0,1.0,5.0,7.0,36.0,81.0,40.0,10.0,7.0,0.0,0.0,0.0,0.0,1.0,17.0,37.0,4.0,0.0,0.0,0.0,0.0,9.0,107.0,96.0,0.0,0.0,0.0,0.0,3.0,70.0,133.0,24.0,3.0,0.0,2.0,2.0,1.0,24.0,37.0,47.0]"
"[113.0,2.0,0.0,0.0,0.0,0.0,8.0,78.0,115.0,3.0,0.0,0.0,0.0,0.0,2.0,52.0,2.0,0.0,0.0,0.0,0.0,0.0,5.0,13.0,1.0,1.0,0.0,0.0,0.0,0.0,0.0,6.0,133.0,16.0,0.0,0.0,0.0,0.0,0.0,68.0,133.0,15.0,0.0,0.0,0.0,0.0,3.0,94.0,14.0,1.0,0.0,0.0,0.0,0.0,13.0,19.0,7.0,4.0,0.0,0.0,1.0,0.0,2.0,12.0,88.0,133.0,11.0,0.0,3.0,2.0,0.0,1.0,132.0,72.0,1.0,0.0,9.0,62.0,133.0,31.0,2.0,0.0,0.0,0.0,0.0,14.0,133.0,31.0,1.0,0.0,0.0,0.0,0.0,0.0,133.0,67.0,5.0,104.0,26.0,9.0,35.0,13.0,0.0,0.0,1.0,9.0,2.0,20.0,103.0,98.0,43.0,1.0,0.0,0.0,0.0,1.0,2.0,18.0,125.0,7.0,0.0,0.0,0.0,0.0,0.0,2.0,105.0,20.0]"
"[60.0,70.0,39.0,33.0,26.0,4.0,0.0,0.0,34.0,12.0,15.0,44.0,50.0,3.0,6.0,21.0,121.0,2.0,0.0,0.0,0.0,0.0,12.0,107.0,17.0,0.0,0.0,0.0,0.0,1.0,35.0,28.0,121.0,26.0,6.0,12.0,72.0,75.0,11.0,28.0,11.0,0.0,1.0,15.0,111.0,82.0,17.0,10.0,121.0,12.0,0.0,0.0,0.0,4.0,35.0,106.0,9.0,1.0,0.0,0.0,0.0,45.0,121.0,49.0,76.0,4.0,2.0,6.0,57.0,44.0,10.0,56.0,14.0,19.0,44.0,20.0,82.0,46.0,5.0,10.0,94.0,40.0,63.0,4.0,2.0,18.0,26.0,30.0,0.0,2.0,49.0,21.0,4.0,69.0,41.0,2.0,16.0,91.0,39.0,1.0,1.0,6.0,8.0,15.0,0.0,94.0,121.0,8.0,8.0,2.0,1.0,0.0,5.0,57.0,121.0,6.0,0.0,0.0,0.0,0.0,0.0,3.0,121.0,30.0,0.0,0.0,0.0,0.0]"
"[13.0,7.0,4.0,27.0,2.0,0.0,3.0,19.0,91.0,61.0,17.0,3.0,0.0,0.0,0.0,47.0,77.0,13.0,15.0,14.0,6.0,0.0,0.0,33.0,1.0,1.0,6.0,37.0,12.0,0.0,0.0,2.0,38.0,68.0,45.0,122.0,7.0,0.0,0.0,2.0,115.0,122.0,80.0,53.0,0.0,0.0,0.0,1.0,32.0,23.0,74.0,118.0,1.0,0.0,1.0,16.0,5.0,17.0,33.0,32.0,4.0,0.0,1.0,3.0,79.0,23.0,19.0,102.0,27.0,0.0,1.0,29.0,122.0,52.0,9.0,35.0,15.0,1.0,19.0,122.0,8.0,10.0,15.0,122.0,10.0,1.0,24.0,38.0,11.0,13.0,17.0,43.0,13.0,7.0,1.0,3.0,50.0,11.0,5.0,62.0,60.0,0.0,1.0,14.0,12.0,0.0,0.0,42.0,93.0,19.0,85.0,122.0,0.0,0.0,0.0,12.0,6.0,9.0,122.0,122.0,0.0,0.0,0.0,10.0,9.0,24.0,43.0,30.0]"
"[14.0,8.0,0.0,0.0,3.0,49.0,22.0,8.0,39.0,37.0,1.0,0.0,4.0,21.0,25.0,31.0,14.0,38.0,2.0,0.0,4.0,16.0,7.0,9.0,0.0,1.0,0.0,0.0,2.0,4.0,13.0,37.0,22.0,1.0,0.0,1.0,19.0,119.0,29.0,26.0,119.0,12.0,0.0,0.0,0.0,17.0,28.0,62.0,20.0,1.0,0.0,0.0,15.0,36.0,21.0,11.0,21.0,0.0,0.0,0.0,28.0,85.0,45.0,44.0,54.0,4.0,0.0,1.0,17.0,51.0,75.0,73.0,119.0,22.0,0.0,0.0,16.0,49.0,100.0,74.0,4.0,0.0,0.0,0.0,34.0,119.0,119.0,113.0,117.0,12.0,0.0,0.0,60.0,119.0,15.0,26.0,39.0,25.0,17.0,27.0,4.0,7.0,22.0,29.0,60.0,32.0,6.0,5.0,88.0,73.0,43.0,58.0,7.0,0.0,0.0,0.0,36.0,68.0,113.0,102.0,106.0,50.0,0.0,0.0,3.0,32.0,14.0,15.0]"
"[11.0,48.0,10.0,0.0,0.0,0.0,0.0,1.0,2.0,44.0,125.0,13.0,0.0,0.0,1.0,1.0,1.0,11.0,142.0,19.0,0.0,0.0,2.0,11.0,4.0,6.0,91.0,4.0,0.0,0.0,2.0,49.0,121.0,57.0,7.0,0.0,0.0,0.0,0.0,9.0,142.0,133.0,142.0,18.0,0.0,0.0,0.0,13.0,3.0,36.0,142.0,88.0,0.0,0.0,0.0,0.0,0.0,46.0,142.0,13.0,0.0,0.0,0.0,0.0,116.0,4.0,4.0,1.0,0.0,0.0,0.0,27.0,142.0,15.0,6.0,0.0,0.0,0.0,0.0,94.0,37.0,11.0,48.0,15.0,0.0,0.0,0.0,8.0,0.0,15.0,44.0,6.0,0.0,0.0,0.0,0.0,45.0,15.0,2.0,0.0,0.0,0.0,0.0,3.0,142.0,10.0,0.0,0.0,0.0,0.0,0.0,52.0,61.0,0.0,0.0,0.0,0.0,0.0,0.0,17.0,0.0,0.0,0.0,0.0,0.0,0.0,0.0,0.0]"
"[4.0,10.0,5.0,90.0,67.0,6.0,4.0,3.0,117.0,104.0,15.0,56.0,26.0,0.0,0.0,0.0,30.0,7.0,0.0,0.0,11.0,11.0,0.0,1.0,4.0,0.0,0.0,0.0,1.0,16.0,11.0,12.0,41.0,2.0,11.0,34.0,16.0,21.0,20.0,70.0,68.0,50.0,34.0,31.0,12.0,3.0,8.0,16.0,10.0,1.0,0.0,0.0,45.0,64.0,0.0,1.0,51.0,0.0,0.0,0.0,25.0,98.0,32.0,39.0,48.0,0.0,0.0,0.0,1.0,21.0,82.0,117.0,5.0,1.0,1.0,0.0,1.0,12.0,117.0,117.0,0.0,0.0,0.0,0.0,88.0,117.0,25.0,42.0,117.0,0.0,0.0,0.0,53.0,117.0,17.0,38.0,2.0,0.0,0.0,0.0,0.0,21.0,63.0,25.0,0.0,0.0,0.0,0.0,0.0,8.0,102.0,117.0,1.0,0.0,0.0,0.0,24.0,117.0,79.0,72.0,105.0,4.0,0.0,0.0,15.0,43.0,0.0,8.0]"
